JCAT,Satcat,Launch_Tag,Piece,Type,Name,PLName,Launch_Date,Parent,Separation_Date,Primary,Decay_Date,Status,Dest,Owner,State,Manufacturer,Bus,Motor,Mass,MassFlag,DryMass,DryFlag,TotMass,TotFlag,Length,LFlag,Diameter,DFlag,Span,SpanFlag,Shape,Orbit_Canonical_Date,Perigee,PF,Apogee,AF,Inc,IF,OpOrbit,OQUAL,AltNames,Simple_Orbit,Country,Payload_Name,Payload_Program,Payload_Class,Payload_Category,Payload_Discipline,Payload_Result,Payload_Comment,Simple_Payload_Category,LV_Type,Agency,Launch_Site,Launch_Pad,Launch_Vehicle_Family,Launch_Vehicle_Simplified,Launch_Site_Parent,Launch_Site_Name,Launch_State,Launch_Country,Launch_Year
S00424,00424,1962 B ALP,1962 B ALP 1,P           ,Alouette 1,Alouette 1,1962-09-29,A00270,1962-09-29,Earth,,O,-,DRTE,CA,DEHAVT/RCAV,Alouette,-,145.0, ,145.0, ,145.0, ,0.9, ,1.1, ,46.0, ,Ell + 4 Ant,1962-11-10,999.0, ,1027.0, ,80.47, ,LEO/I,-,NASA S-27:P,LEO,Canada,[Alouette],Alouette,C,SCI,ION/RFA*,S,Ionospheric sounder,Science,Thor Agena B,LERC/AFSSD,V,75-1-1,Thor,Thor,V,Vandenberg,US,United States,1962
S01804,01804,1965-098,1965-098A,P           ,Alouette 2,Alouette 2,1965-11-29,S01808,1965-11-29,Earth,,O,-,DRTE,CA,DEHAVT/RCAV,Alouette,-,145.0, ,145.0, ,145.0, ,1.1, ,0.9, ,73.0, ,Ell + Ant,1966-01-27,502.0, ,2986.0, ,79.85, ,LEO/I,-,ISIS-X:P,LEO,Canada,[Alouette 2],Alouette,C,SCI,ION/RFA*,U,Ionospheric sounder,Science,Thor SLV-2 Agena B,LERC/AFSSD,V,75-1-1,Thor,Thor,V,Vandenberg,US,United States,1965
S03669,03669,1969-009,1969-009A,P           ,Isis 1,Isis A,1969-01-30,S03670,1969-01-30,Earth,,O,-,CRC,CA,RCAV,Isis,-,236.0, ,236.0, ,236.0, ,1.0, ,1.3, ,73.0, ,Oct DCone + 2 Ant,1969-03-16,575.0, ,3525.0, ,88.41, ,MEO,-,-,MEO,Canada,[Isis 1],Isis,C,SCI,ION/RFA/P*,U,Ionospheric studies,Science,Thor Delta E1,GSFC,V,SLC2E,Thor,Thor,V,Vandenberg,US,United States,1969
S05104,05104,1971-024,1971-024A,P           ,Isis 2,Isis B,1971-04-01,S05106,1971-04-01,Earth,,O,-,CRC,CA,RCAV,Isis,-,264.0, ,264.0, ,264.0, ,1.2, ,1.3, ,73.0, ,Oct DCone + 2 Ant,1971-05-02,1356.0, ,1428.0, ,88.15, ,LEO/P,-,-,SSO,Canada,[ISIS 2],Isis,C,SCI,ION/P/F/RFA*,U,Ionosphere,Science,Thor Delta E1,GSFC,V,SLC2E,Thor,Thor,V,Vandenberg,US,United States,1971
S06278,06278,1972-090,1972-090A,P           ,Anik A1,Anik A1,1972-11-10,S08312,1972-11-10,Earth,,O,-,TCAN,CA,HSES,HS-333,FW5,250.0, ,185.0,?,540.0, ,1.5, ,2.2, ,3.5, ,Cyl + Dish,1977-01-28,35775.0, ,35798.0, ,0.28, ,GEO/S,-,-,GEO,Canada,Anik I,Anik A,B,COM,-,U,-,Communications,Delta 1914,GSFC,CC,LC17B,Thor,Delta 1,CC,Canaveral,US,United States,1972
S06437,06437,1973-023,1973-023A,P           ,Anik A2,Anik A2,1973-04-20,S13939,1973-04-21,Earth,,O,-,TCAN,CA,HSES,HS-333,FW5,254.0,?,189.0,?,544.0, ,1.5, ,2.2, ,3.5, ,Cyl + Dish,1977-01-25,35780.0, ,35792.0, ,0.03, ,GEO/S,-,-,GEO,Canada,Anik II,Anik A,B,COM,-,U,-,Communications,Delta 1914,GSFC,CC,LC17B,Thor,Delta 1,CC,Canaveral,US,United States,1973
S07790,07790,1975-038,1975-038A,P           ,Anik A3,Anik A3,1975-05-07,S07794,1975-05-08,Earth,,O,-,TCAN,CA,HSES,HS-333,FW5,254.0, ,189.0,?,544.0, ,1.5, ,2.2, ,3.5, ,Cyl + Dish,1977-01-26,35774.0, ,35797.0, ,0.01, ,GEO/S,-,-,GEO,Canada,[Telesat 3],Anik A,B,COM,-,U,-,Communications,Delta 2914,GSFC,CC,LC17B,Thor,Delta 1,CC,Canaveral,US,United States,1975
S08585,08585,1976-004,1976-004A,P           ,Hermes,CTS,1976-01-17,S08598,1976-01-17,Earth,,O,-,CRC,CA,CRC,CTS,-,336.0, ,311.0, ,685.0, ,1.9, ,1.8, ,16.5, ,Box + 2 Pan,1977-01-20,35759.0, ,35813.0, ,0.06, ,GEO/S,-,-,GEO,Canada,[CTS 1],CTS,C,COM,-,U,-,Communications,Delta 2914,GSFC,CC,LC17B,Thor,Delta 1,CC,Canaveral,US,United States,1976
S11153,11153,1978-116,1978-116A,P           ,Anik B,Anik B,1978-12-16,S13915,1978-12-16,Earth,,O,-,TCAN,CA,RCA,Satcom,SVM-7,488.0, ,350.0,?,922.0, ,1.6,?,1.3, ,11.3,?,Box + 2 Pan,1979-01-31,35781.0, ,35790.0, ,0.03, ,GEO/S,-,-,GEO,Canada,ANIK-B-1,Anik B,B,COM,-,U,-,Communications,Delta 3914,GSFC,CC,LC17A,Thor,Delta 1,CC,Canaveral,US,United States,1978
S13431,13431,1982-082,1982-082A,P           ,Anik D1,Anik D1,1982-08-26,S13447,1982-08-26,Earth,,O,-,TCAN,CA,HSES/SPARM,HS-383,TE-M-700-5,729.0, ,529.0, ,1232.0, ,6.6, ,2.2, ,6.6, ,Cyl,1982-09-27,35781.0, ,35791.0, ,0.03, ,GEO/S,-,-,GEO,Canada,Anik D-1,Anik D,B,COM,-,S,-,Communications,Delta 3920/PAM,GSFC,CC,LC17B,Thor,Delta 1,CC,Canaveral,US,United States,1982
S13652,13652,1982-110,1982-110C,P ---S-     ,Anik C3,Anik C3,1982-11-11,S13666,1982-11-12,Earth,,O,-,TCAN,CA,HSES,HS-376,TE-M-700-5,599.0, ,503.0, ,1192.0, ,6.6, ,2.2, ,6.6, ,Cyl,1982-12-11,35718.0, ,35851.0, ,0.05, ,GEO/S,-,-,GEO,Canada,Anik C-3,Anik C,B,COM,-,S,-,Communications,Space Shuttle,JSC/MSFC,KSC,LC39A,SRB,Space Shuttle,KSC,"NASA John F. Kennedy Space Center, Florida",US,United States,1982
S14133,14133,1983-059,1983-059B,P ---S-     ,Anik C2,Anik C2,1983-06-18,S14135,1983-06-18,Earth,1993-04-01,N,-,TCAN,CA,HSES,HS-376,TE-M-700-5,592.0, ,444.0, ,1118.0, ,6.6, ,2.2, ,6.6, ,Cyl,1983-07-19,35786.0, ,35787.0, ,0.13, ,GEO/S,-,-,GEO,Canada,Anik C-2,Anik C,B,COM,-,S,-,Communications,Space Shuttle,JSC/MSFC,KSC,LC39A,SRB,Space Shuttle,KSC,"NASA John F. Kennedy Space Center, Florida",US,United States,1983
S15383,15383,1984-113,1984-113B,P ---S-     ,Anik D2,Anik D2,1984-11-08,S15387,1984-11-09,Earth,1993-08-03,N,-,TCAN,CA,HSES/SPARM,HS-383,TE-M-700-5,627.0, ,531.0, ,1237.0, ,6.6, ,2.2, ,6.6, ,Cyl,1984-12-09,35779.0, ,35793.0, ,1.78, ,GEO/S,-,-,GEO,Canada,Anik D-2,Anik D,B,COM,-,S,-,Communications,Space Shuttle,JSC/MSFC,KSC,LC39A,SRB,Space Shuttle,KSC,"NASA John F. Kennedy Space Center, Florida",US,United States,1984
S15642,15642,1985-028,1985-028B,P ---S-     ,Anik C1,Anik C1,1985-04-12,S15644,1985-04-13,Earth,1993-03-29,N,-,TCAN,CA,HSES,HS-376,TE-M-700-5,617.0, ,489.0, ,1160.0, ,6.4, ,2.2, ,6.4, ,Cyl,1985-05-13,35778.0, ,35793.0, ,2.85, ,GEO/S,-,-,GEO,Canada,Anik C-1,Anik C,B,COM,-,S,-,Communications,Space Shuttle,JSC/MSFC,KSC,LC39A,SRB,Space Shuttle,KSC,"NASA John F. Kennedy Space Center, Florida",US,United States,1985
S21222,21222,1991-026,1991-026A,P           ,Anik E2,Anik E2,1991-04-04,S21223,1991-04-04,Earth,,O,-,TCAN,CA,GEEW,AS5000,TR-306 x2,2950.0, ,1335.0, ,2950.0, ,2.9, ,2.3, ,21.5, ,Box + 2 Pan,1991-05-06,35732.0, ,35807.0, ,0.1, ,GEO/D,-,-,GEO,Canada,Anik E-B,Anik E,B,COM,-,S,-,Communications,Ariane 44P,AE,CSG,ELA2,Ariane,Ariane 4,CSG,"Centre Spatial Guyanais, Kourou, Guyane Francaise",GUF,French Guiana,1991
S21726,21726,1991-067,1991-067A,P           ,Anik E1,Anik E1,1991-09-26,S21727,1991-09-27,Earth,,O,-,TCAN,CA,GEEW,AS5000,TR-306 x2,2933.0, ,1335.0, ,2933.0, ,2.9, ,2.3, ,21.5, ,Box + 2 Pan,1991-10-27,35773.0, ,35799.0, ,0.04, ,GEO/S,-,-,GEO,Canada,ANIK E-A,Anik E,B,COM,-,S,-,Communications,Ariane 44P,AE,CSG,ELA2,Ariane,Ariane 4,CSG,"Centre Spatial Guyanais, Kourou, Guyane Francaise",GUF,French Guiana,1991
S22214,22214,1992-070,1992-070C,P -H-S-     ,CTA,Canadian Target Assembly,1992-10-22,S22194  3S   ,1992-10-24,Earth,1992-10-24,ATT,A05244,CSA,CA,CSA,CTA,-,82.0, ,82.0, ,82.0, ,2.1, ,0.5, ,2.1, ,Pan,1992-10-31,207.0, ,215.0, ,28.46, ,LLEO/I,-,-,LEO,Canada,CTA,CTA,C,TECH,-,S,-,Tech Demo,Space Shuttle,JSC/MSFC,KSC,LC39B,SRB,Space Shuttle,KSC,"NASA John F. Kennedy Space Center, Florida",US,United States,1992
S23710,23710,1995-059,1995-059A,P           ,Radarsat,Radarsat,1995-11-04,S23711,1995-11-04,Earth,,O,-,CSA,CA,SPARM/BALL,RME/BCP-2000,-,2750.0, ,2750.0, ,2750.0, ,4.2, ,2.8, ,15.0, ,Box + 2 Pan,1995-12-04,789.0, ,792.0, ,98.58, ,LEO/S,-,-,SSO,Canada,RADARSAT I-A,Radarsat,C,IMG-R,-,S,-,IMG-R,Delta 7920-10,MDSSC,V,SLC2W,Thor,Delta 2,V,Vandenberg,US,United States,1995
S23846,23846,1996-022,1996-022A,P           ,M-SAT 1,MSAT-1,1996-04-20,S23847,1996-04-20,Earth,2001-12-01,N,-,TMI,CA,HSES/SPARM,HS-601,R-4D-11-300,2855.0, ,1330.0, ,2855.0, ,3.5, ,2.5, ,21.0, ,Box + 2 Pan,1996-05-24,35776.0, ,35796.0, ,0.05, ,GEO/S,-,-,GEO,Canada,MSAT-1,M-SAT,B,COM,-,S,-,Communications,Ariane 42P,AE,CSG,ELA2,Ariane,Ariane 4,CSG,"Centre Spatial Guyanais, Kourou, Guyane Francaise",GUF,French Guiana,1996
S25740,25740,1999-027,1999-027A,P           ,Nimiq 1,Telesat DTH-1,1999-05-20,S25743,1999-05-21,Earth,,O,-,TCAN,CA,LMCSS,A2100AX,Leros 1C,3646.0, ,1500.0,?,3646.0, ,4.5, ,1.8, ,21.0, ,Box + 2 Pan,1999-06-20,35778.0, ,35795.0, ,0.02, ,GEO/S,-,-,GEO,Canada,Nimiq-1,Nimiq,B,COM,-,S,-,Communications,Proton-K/DM-2M,ILSK,GIK-5,LC81/23,Proton,Proton,GIK5,,RU,Russia,1999
S26624,26624,2000-076,2000-076A,P           ,Anik F1,Anik F1,2000-11-21,S26625,2000-11-22,Earth,,O,-,TCAN,CA,BOES,BSS-702HP,R-4D-14-350,4852.0, ,2950.0, ,4852.0, ,6.2, ,3.5, ,45.6, ,Box + 2 Pan,2001-03-18,35784.0, ,35789.0, ,0.02, ,GEO/S,-,-,GEO,Canada,Anik F1,Anik F,B,COM,-,S,-,Communications,Ariane 44L,AE,CSG,ELA2,Ariane,Ariane 4,CSG,"Centre Spatial Guyanais, Kourou, Guyane Francaise",GUF,French Guiana,2000
S27632,27632,2002-062,2002-062A,P           ,Nimiq 2,Nimiq 2,2002-12-29,S27633,2002-12-30,Earth,,O,-,TCAN,CA,LMCSS,A2100AX,Leros 1C,3600.0, ,1500.0,?,3600.0, ,4.5,?,1.8, ,21.0,?,Box + 2 Pan,2004-01-15,35776.0, ,35797.0, ,0.01, ,GEO/S,-,-,GEO,Canada,[Nimiq 2],Nimiq,B,COM,-,S,-,Communications,Proton-M/Briz-M,ILSK,GIK-5,LC81/24,Proton,Proton,GIK5,,RU,Russia,2002
S27843,27843,2003-031,2003-031D,P           ,MOST,MOST,2003-06-30,S27840,2003-06-30,Earth,2014-10-01,N,-,CSA,CA,DYN,MOST,-,60.0, ,60.0, ,60.0, ,0.3, ,0.7, ,0.7, ,Box,2003-07-07,818.0, ,832.0, ,98.72, ,LEO/S,-,-,SSO,Canada,MOST,CSA,C,AST,OA*,S,Astroseismology,Observation,Rokot,EUROK,GIK-1,LC133/3,UR-100N,Rokot,GIK1,,RU,Russia,2003
S27847,27847,2003-031,2003-031H,P           ,Can X-1,Can X-1,2003-06-30,S27840,2003-06-30,Earth,,O,-,UTIAS,CA,UTIAS,Cubesat 1U,-,1.0, ,1.0, ,1.0, ,0.1, ,0.1, ,0.1, ,Box,2003-07-09,817.0, ,829.0, ,98.73, ,LEO/S,-,NLS-1,SSO,Canada,CanX-1,CanX,A,TECH,-,F,-,Tech Demo,Rokot,EUROK,GIK-1,LC133/3,UR-100N,Rokot,GIK1,,RU,Russia,2003
S27858,27858,2003-036,2003-036A,P           ,SCISAT-1,SCISAT-1,2003-08-13,S27859,2003-08-13,Earth,,O,-,CSA,CA,BRIS,MAC-100,-,150.0, ,150.0, ,150.0, ,0.6,?,1.1, ,1.1, ,Cyl,2003-08-20,641.0, ,654.0, ,73.94, ,LEO/I,-,-,LEO,Canada,SciSat,CSA,C,EOSCI,ATM,S,Fourier transform spectrometer,EOSCI,Pegasus XL,OSC,V,RW30/12,Pegasus,Pegasus,V,Vandenberg,US,United States,2003
S28378,28378,2004-027,2004-027A,P           ,Anik F2,Anik F2,2004-07-18,S28379,2004-07-18,Earth,,O,-,TCAN,CA,BOES,BSS-702HP,R-4D-14-350,5965.0, ,3700.0, ,5965.0, ,6.2, ,3.5, ,45.6, ,Box + 2 Pan,2004-09-16,35785.0, ,35786.0, ,0.05, ,GEO/S,-,-,GEO,Canada,Anik F-2,Anik F,B,COM,-,S,-,Communications,Ariane 5G+,AE,CSG,ELA3,Ariane5,Ariane 5,CSG,"Centre Spatial Guyanais, Kourou, Guyane Francaise",GUF,French Guiana,2004
S28868,28868,2005-036,2005-036A,P           ,Anik F1R,Anik F1R,2005-09-08,S28869,2005-09-09,Earth,,O,-,TCAN,CA,EADSB,Eurostar 3000,R-4D-15-375,4500.0, ,2000.0,?,4500.0, ,4.8, ,2.4, ,35.0, ,Box + 2 Pan,2005-11-08,35777.0, ,35795.0, ,0.04, ,GEO/S,-,-,GEO,Canada,Anik F1R,Anik F,B,COM,-,S,-,Communications,Proton-M/Briz-M,ILSK,GIK-5,LC200/39,Proton,Proton,GIK5,,RU,Russia,2005
S31102,31102,2007-009,2007-009A,P           ,Anik F3,Anik F3,2007-04-09,S31104,2007-04-10,Earth,,O,-,TCAN,CA,EADSB,Eurostar 3000,R-4D-15-375,4640.0, ,2000.0,?,4640.0, ,4.8, ,2.4, ,35.0, ,Box + 2 Pan,2007-04-17,35452.0, ,35790.0, ,0.09, ,GEO/D,-,-,GEO,Canada,Anik F3,Anik F,B,COM,-,S,-,Communications,Proton-M/Briz-M,ILSK,GIK-5,LC200/39,Proton,Proton,GIK5,,RU,Russia,2007
S32382,32382,2007-061,2007-061A,P           ,Radarsat-2,Radarsat-2,2007-12-14,A07320,2007-12-14,Earth,,O,-,CSA,CA,THALA,Prima,AOCS,2300.0, ,2200.0,?,2300.0, ,3.2, ,1.3, ,15.0, ,Box + 2 Pan,2007-12-16,791.0, ,798.0, ,98.62, ,LEO/S,-,-,SSO,Canada,RADARSAT-2,Radarsat,C,IMG-R,-,S,-,IMG-R,Soyuz-FG,STSM,GIK-5,LC31,R-7,Soyuz,GIK5,,RU,Russia,2007
S32784,32784,2008-021,2008-021B,P           ,NTS,CanX-6,2008-04-28,S32792,2008-04-28,Earth,,O,-,UTIAS/COMDEV,CA,UTIAS,GNB,-,6.0, ,6.0, ,6.0, ,0.2, ,0.2, ,1.0,?,Box + Ant + Ant,2008-05-02,616.0, ,636.0, ,98.0, ,LEO/S,-,NLS-5,SSO,Canada,CanX-6,CanX,A,COM,-,S,-,Communications,PSLV,ISRO,SHAR,SLP,PSLV,PSLV,SHAR,"Satish Dhawan Space Ctr, Sriharikota, Andhra Pradesh, India",IN,India,2008
S32790,32790,2008-021,2008-021H,P           ,CanX-2,CanX-2,2008-04-28,S32792,2008-04-28,Earth,,O,-,UTIAS,CA,UTIAS,Cubesat 3U,-,3.0, ,3.0, ,3.0, ,0.3, ,0.1, ,0.3, ,Box + Ant,2008-05-02,614.0, ,634.0, ,97.99, ,LEO/S,-,NLS-4,SSO,Canada,CanX-2,CanX,A,TECH,-,S,-,Tech Demo,PSLV,ISRO,SHAR,SLP,PSLV,PSLV,SHAR,"Satish Dhawan Space Ctr, Sriharikota, Andhra Pradesh, India",IN,India,2008
S33373,33373,2008-044,2008-044A,P           ,Nimiq 4,Nimiq 4,2008-09-19,S33375,2008-09-20,Earth,,O,-,TCANL,CA,ASTT,Eurostar 3000,R-4D-15-375,4850.0, ,2000.0,?,4850.0, ,5.8,?,2.5,?,39.0, ,Box + 2 Pan,2008-09-26,35705.0, ,35789.0, ,0.03, ,GEO/D,-,-,GEO,Canada,Nimiq-4,Nimiq,B,COM,-,S,-,Communications,Proton-M/Briz-M,ILSK,GIK-5,LC200/39,Proton,Proton,GIK5,,RU,Russia,2008
S33453,33453,2008-063,2008-063A,P           ,Ciel 2,Ciel 2,2008-12-10,S33455,2008-12-10,Earth,,O,-,CIEL,CA,THALES,Spacebus 4000C4,S400,5625.0, ,3500.0,?,5625.0, ,7.1, ,3.0, ,35.0,?,Box + 2 Pan,2009-06-30,35774.0, ,35798.0, ,0.01, ,GEO/S,-,-,GEO,Canada,Ciel-2,Ciel,B,COM,-,S,-,Communications,Proton-M/Briz-M,ILSK,GIK-5,LC200/39,Proton,Proton,GIK5,,RU,Russia,2008
S34111,34111,2009-009,2009-009A,P           ,Telstar 11N,Telstar 11N,2009-02-26,S34112,2009-02-27,Earth,,O,-,TSKY,CA,LOR,FS-1300,R-4D-11-164,4010.0, ,2000.0,?,4010.0, ,5.6,?,2.8,?,31.0,?,Box + 2 Pan,2009-06-29,35777.0, ,35798.0, ,0.01, ,GEO/S,-,-,GEO,Canada,[Telstar 11N],Telstar,B,COM,-,S,-,Communications,Zenit-3SLB,SIS,GIK-5,LC45/1,Zenit,Zenit,GIK5,,RU,Russia,2009
S35873,35873,2009-050,2009-050A,P           ,Nimiq 5,Nimiq 5,2009-09-17,S35874,2009-09-18,Earth,,O,-,TCANL,CA,LOR,SSL-1300,R-4D,4745.0, ,2000.0,?,4745.0, ,5.6,?,2.6,?,26.0, ,Box + 2 Pan,2009-11-27,35780.0, ,35793.0, ,0.02, ,GEO/S,-,-,GEO,Canada,Nimiq-5,Nimiq,B,COM,-,S,-,Communications,Proton-M/Briz-M,ILSK,GIK-5,LC200/39,Proton,Proton,GIK5,,RU,Russia,2009
S37792,37792,2011-044,2011-044E,P           ,AprizeSat-5,AprizeSat-5,2011-08-17,S37796,2011-08-17,Earth,2011-11-01,N,-,SPQ,CA,SPQ,Aprize,-,14.0, ,14.0, ,14.0, ,0.2, ,0.2, ,0.2, ,Box + Ant,2011-08-19,610.0, ,696.0, ,98.27, ,LEO/S,-,-,SSO,Canada,Aprizesat 5,APRIZE,B,COM,-,S,-,Communications,Dnepr,KTRAS/RVSNR,YAS,Sh370/13,R-36,Dnepr,YAS,"Yasniy site, Dombarovskiy Air Base, Orensburgskaya Oblast', Rossiya",RU,Russia,2011
S37793,37793,2011-044,2011-044F,P           ,AprizeSat-6,AprizeSat-6,2011-08-17,S37796,2011-08-17,Earth,2011-11-01,N,-,SPQ,CA,SPQ,Aprize,-,14.0, ,14.0, ,14.0, ,0.2, ,0.2, ,0.2, ,Box + Ant,2011-08-19,627.0, ,696.0, ,98.26, ,LEO/S,-,-,SSO,Canada,ADS03,APRIZE,B,COM,-,S,-,Communications,Dnepr,KTRAS/RVSNR,YAS,Sh370/13,R-36,Dnepr,YAS,"Yasniy site, Dombarovskiy Air Base, Orensburgskaya Oblast', Rossiya",RU,Russia,2011
S38342,38342,2012-026,2012-026A,P           ,Nimiq 6,Nimiq 6,2012-05-17,S38343,2012-05-18,Earth,,O,-,TCANL,CA,LOR,SSL-1300,R-4D,4745.0, ,2000.0,?,4745.0, ,5.6,?,2.6,?,26.0, ,Box + 2 pan,2012-05-25,35738.0, ,35748.0, ,0.03, ,GEO/D,-,-,GEO,Canada,Nimiq-6,Nimiq,B,COM,-,S,-,Communications,Proton-M/Briz-M,ILSK,GIK-5,LC81/24,Proton,Proton,GIK5,,RU,Russia,2012
S38709,38709,2012-039,2012-039C,P           ,exactView-1,ADS-1B,2012-07-22,S38712,2012-07-22,Earth,2020-03-31,N,-,EXEA,CA,SSTLA,SSTL-100,-,95.0, ,95.0, ,95.0, ,0.6, ,0.6, ,0.9,?,Box+ 1 pan,2012-07-29,805.0, ,821.0, ,98.95, ,LEO/S,-,-,SSO,Canada,ADS01,ExactView,B,COM,-,S,-,Communications,Soyuz-FG,FKA,GIK-5,LC31,R-7,Soyuz,GIK5,,RU,Russia,2012
S39088,39088,2013-009,2013-009C,P           ,Sapphire,Sapphire,2013-02-25,A07992,2013-02-25,Earth,,O,-,DRDC/DND,CA,SSTLA/MDABC,SSTL-150,-,148.0, ,148.0, ,148.0, ,0.5,?,0.5,?,0.5,?,Box,2013-02-27,771.0, ,786.0, ,98.63, ,LEO/S,-,-,SSO,Canada,Sapphire,CSA,D,EW,-,S,-,Observation,PSLV,ISRO,SHAR,FLP,PSLV,PSLV,SHAR,"Satish Dhawan Space Ctr, Sriharikota, Andhra Pradesh, India",IN,India,2013
S39089,39089,2013-009,2013-009D,P           ,NEOSSat,NEOSSat,2013-02-25,A07992,2013-02-25,Earth,,O,-,CSA,CA,MSCI,MOST?,-,74.0, ,74.0, ,74.0, ,1.8, ,0.4, ,1.8, ,Box + 1 pan,2013-02-26,771.0, ,786.0, ,98.63, ,LEO/S,-,-,SSO,Canada,NEOSSat,CSA,C,AST/EW,OA,S,Asteroid survey,AST/EW,PSLV,ISRO,SHAR,FLP,PSLV,PSLV,SHAR,"Satish Dhawan Space Ctr, Sriharikota, Andhra Pradesh, India",IN,India,2013
S39127,39127,2013-014,2013-014A,P           ,Anik G1,Anik G1,2013-04-15,S39128,2013-04-16,Earth,,O,-,TCANL,CA,SSL,SSL-1300,R-4D-15?,4905.0, ,2500.0,?,4905.0, ,8.0,?,3.0,?,30.0,?,Box+2 pan,2013-05-16,35777.0, ,35797.0, ,0.01, ,GEO/S,-,-,GEO,Canada,Anik G1,Anik G,B,COM,-,S,-,Communications,Proton-M/Briz-M,ILSK,GIK-5,LC200/39,Proton,Proton,GIK5,,RU,Russia,2013
S39265,39265,2013-055,2013-055A,P           ,CASSIOPE,CASSIOPE,2013-09-29,S39271,2013-09-29,Earth,,O,-,CSA,CA,BALM/MDAM,MAC-200,-,481.0, ,481.0, ,481.0, ,1.4, ,1.8, ,2.0,?,Hex prism+antennae,2013-10-07,325.0, ,1486.0, ,81.0, ,LEO/I,-,-,LEO,Canada,Cassiope,CSA,C,COM/SCI,AUR/P/F,S,ePOP space weather,COM/SCI,Falcon 9,SPX,VS,SLC4E,Falcon9,Falcon 9,V,Vandenberg,US,United States,2013
S40020,40020,2014-033,2014-033L,P           ,BRITE-Toronto,BRITE-C1,2014-06-19,S40047,2014-06-19,Earth,,O,-,CSA/UTIAS,CA,UTIAS,GNB,-,7.0, ,7.0, ,7.0, ,0.2, ,0.2, ,0.2, ,Box,2014-06-27,613.0, ,738.0, ,97.97, ,LEO/S,-,"BRITE-CA1,CanX-3E",SSO,Canada,BRITE-CA1 (Brite-Toronto),BRITE,A,AST,-,S,-,Observation,Dnepr,KTRAS/RVSNR,YAS,Sh370/13,R-36,Dnepr,YAS,"Yasniy site, Dombarovskiy Air Base, Orensburgskaya Oblast', Rossiya",RU,Russia,2014
S40055,40055,2014-034,2014-034C,P           ,CanX-4,CanX-4,2014-06-30,S40058,2014-06-30,Earth,,O,-,UTIAS,CA,UTIAS,GNB,-,7.0, ,7.0, ,7.0, ,0.2, ,0.2, ,0.2, ,Box+antennae,2014-07-02,641.0, ,659.0, ,98.26, ,LEO/S,-,-,SSO,Canada,CanX-4,CanX,A,TECH,-,S,-,Tech Demo,PSLV,ISRO,SHAR,FLP,PSLV,PSLV,SHAR,"Satish Dhawan Space Ctr, Sriharikota, Andhra Pradesh, India",IN,India,2014
S40056,40056,2014-034,2014-034D,P           ,CanX-5,CanX-5,2014-06-30,S40058,2014-06-30,Earth,,O,-,UTIAS,CA,UTIAS,GNB,-,7.0, ,7.0, ,7.0, ,0.2, ,0.2, ,0.2, ,Box+antennae,2014-07-02,642.0, ,656.0, ,98.25, ,LEO/S,-,-,SSO,Canada,CanX-5,CanX,A,TECH,-,S,-,Tech Demo,PSLV,ISRO,SHAR,FLP,PSLV,PSLV,SHAR,"Satish Dhawan Space Ctr, Sriharikota, Andhra Pradesh, India",IN,India,2014
S40073,40073,2014-037,2014-037E,P -D        ,M3MSat Mass Mock-up,M3MSat dummy,2014-07-08,A08233,2014-07-08,Earth,,O,-,DND?,CA,COMDEV,-,-,75.0, ,75.0, ,75.0, ,0.8, ,0.6, ,0.8, ,Box,2014-07-09,625.0, ,630.0, ,98.39, ,LEO/S,-,-,SSO,Canada,M3MSat Mass Mock-up,ExactView,D,CAL,-,S,-,Other,Soyuz-2-1B,FKA,GIK-5,LC31,R-7,Soyuz,GIK5,,RU,Russia,2014
S40936,40936,2015-052,2015-052G,P           ,exactView-9,EV-9,2015-09-28,S40937,2015-09-28,Earth,2020-03-31,N,-,EXEA,CA,UTIAS,GNB,-,5.5, ,5.5, ,5.5, ,0.2, ,0.2, ,0.2, ,Box,2015-09-29,630.0, ,649.0, ,6.0, ,LEO/E,-,-,LEO,Canada,exactView-9,ExactView,B,COM,-,S,-,Communications,PSLV-XL,ISRO,SHAR,FLP,PSLV,PSLV,SHAR,"Satish Dhawan Space Ctr, Sriharikota, Andhra Pradesh, India",IN,India,2015
S41036,41036,2015-068,2015-068A,P           ,Telstar 12 Vantage,Telstar 12V,2015-11-24,S41037,2015-11-24,Earth,,O,-,TSKY,CA,ADST,Eurostar 3000,R-4D,4900.0, ,2170.0, ,4900.0, ,6.0,?,2.7,?,39.0,?,Box +2 pan,2015-12-02,35637.0, ,35721.0, ,0.1, ,GEO/D,-,-,GEO,Canada,Telstar 12 Vantage,Telstar,B,COM,-,S,-,Communications,H-IIA 204,MHI,TNSC,Y,H2,H2,TNSC,"Tanegashima Space Center, Tanegashima, Nippon",J,Japan,2015
S41602,41602,2016-040,2016-040D,P           ,Claire,GHGSat-D,2016-06-22,S41620,2016-06-22,Earth,2024-12-11,R,-,GHG/UTIAS,CA,UTIAS,Nemo-V1,-,25.0, ,25.0, ,25.0, ,0.4, ,0.2, ,0.4, ,Box,2016-06-24,500.0, ,511.0, ,97.5, ,LLEO/S,-,-,SSO,Canada,GHGSat-D,GHG,B,EOSCI,ATM,S,-,EOSCI,PSLV-XL,ISRO,SHAR,SLP,PSLV,PSLV,SHAR,"Satish Dhawan Space Ctr, Sriharikota, Andhra Pradesh, India",IN,India,2016
S41605,41605,2016-040,2016-040G,P           ,M3MSat,exactView-7,2016-06-22,S41620,2016-06-22,Earth,,O,-,DND/EXEA,CA,COMDH,MMMS,-,85.0, ,85.0, ,85.0, ,0.8, ,0.6, ,0.8, ,Box,2016-06-24,500.0, ,515.0, ,97.51, ,LLEO/S,-,-,SSO,Canada,M3MSat,ExactView,D,COM,-,S,-,Communications,PSLV-XL,ISRO,SHAR,SLP,PSLV,PSLV,SHAR,"Satish Dhawan Space Ctr, Sriharikota, Andhra Pradesh, India",IN,India,2016
S41788,41788,2016-059,2016-059F,P           ,CanX-7,CanX-7,2016-09-26,S41791,2016-09-26,Earth,2022-04-21,R,-,UTIAS,CA,UTIAS,Cubesat 3U+,-,8.0, ,8.0, ,8.0, ,0.34, ,0.1, ,2.0, ,Box + Sail,2016-10-03,661.0, ,701.0, ,98.21, ,LEO/S,-,-,SSO,Canada,CanX-7,CanX,A,TECH,-,S,-,Tech Demo,PSLV,ISRO,SHAR,FLP,PSLV,PSLV,SHAR,"Satish Dhawan Space Ctr, Sriharikota, Andhra Pradesh, India",IN,India,2016
S42734,42734,2017-019,1998-067MP,P ---D-     ,Ex-Alta 1,QB50-CA03,2017-04-18,A08638* D12  ,2017-05-26,Earth,2018-11-14,R,-,ALB,CA,ALB,Cubesat 2U,-,2.0, ,2.0, ,2.0, ,0.2, ,0.1, ,0.2, ,Box,2017-05-27,397.0, ,409.0, ,51.64, ,LLEO/I,-,-,LEO,Canada,ExAlta-1,Alberta,A,SCI,ATM,S,Oxygen concentration,Science,Atlas V 401,ULAL,CC,SLC41,Atlas5,Atlas 5,CC,Canaveral,US,United States,2017
S43113,43113,2018-004,2018-004C,P           ,LEO Vantage 1,Telesat Phase 1 LEO,2018-01-12,S43129,2018-01-12,Earth,,O,-,TCANL,CA,SSTLA,SSTL-42,-,100.0,?,100.0,?,100.0,?,0.7,?,0.7,?,1.0,?,Box +dish,2018-01-13,494.0, ,506.0, ,97.56, ,LLEO/S,-,-,SSO,Canada,LEO 1,Vantage,B,COM,-,S,-,Communications,PSLV-XL,ISRO,SHAR,FLP,PSLV,PSLV,SHAR,"Satish Dhawan Space Ctr, Sriharikota, Andhra Pradesh, India",IN,India,2018
S43157,43157,2018-008,2018-008C,P           ,KIPP,Kepler-0,2018-01-19,S43161,2018-01-19,Earth,2024-04-12,R,-,KEPLER,CA,CLAAC,Cubesat 3U,-,3.0, ,3.0, ,3.0, ,0.3, ,0.1, ,0.3,?,Box + 2 pan,2018-01-19,528.0, ,547.0, ,97.54, ,LLEO/S,-,-,SSO,Canada,KEPLER-0 (KIPP),Kepler,B,COM,-,S,-,Communications,Chang Zheng 11,CALT,JQ,LC43/95,DF-31,Long March 11,JQ,"Jiuquan Space Center, Nei Monggol Zizhiqu, China",CN,China,2018
S43562,43562,2018-059,2018-059A,P           ,Telstar 19 Vantage,Telstar 19V,2018-07-22,S43563,2018-07-22,Earth,,O,-,TSKY,CA,SSLMAX,LS-1300,R-4D,7075.0, ,2000.0,?,7075.0, ,8.9, ,6.9, ,26.1, ,Box + 2 panels,2018-09-22,35771.0, ,35799.0, ,0.01, ,GEO/S,-,-,GEO,Canada,Telstar 19 Vantage,Telstar,B,COM,-,S,-,Communications,Falcon 9,SPX,CC,LC40,Falcon9,Falcon 9,CC,Canaveral,US,United States,2018
S43611,43611,2018-069,2018-069A,P           ,Telstar 18 Vantage,Telstar 18V,2018-09-10,S43612,2018-09-10,Earth,,O,-,TSKY,CA,SSLMAX,LS-1300,R-4D,7060.0, ,2000.0,?,7060.0, ,8.9, ,6.9, ,26.1, ,Box + 2 panels,2018-10-10,35778.0, ,35792.0, ,0.04, ,GEO/S,-,-,GEO,Canada,Telstar 18 Vantage,Telstar,B,COM,-,S,-,Communications,Falcon 9,SPX,CC,LC40,Falcon9,Falcon 9,CC,Canaveral,US,United States,2018
S43729,43729,2018-096,2018-096L,P           ,CASE,Kepler-1,2018-11-29,S43739,2018-11-29,Earth,2023-02-23,R,-,KEPLER,CA,CLAAC,Cubesat 3U,-,3.0, ,3.0, ,3.0, ,0.3, ,0.1, ,0.3,?,Box + 2 pan,2018-11-29,476.0, ,499.0, ,97.48, ,LLEO/S,-,-,SSO,Canada,KEPLER-1 (CASE),Kepler,B,COM,-,S,-,Communications,PSLV,ISRO,SHAR,FLP,PSLV,PSLV,SHAR,"Satish Dhawan Space Ctr, Sriharikota, Andhra Pradesh, India",IN,India,2018
S44322,44322,2019-033,2019-033A,P           ,RCM 1,Radarsat Constell. Mission,2019-06-12,A09437,2019-06-12,Earth,,O,-,CSA,CA,BALM/MAXAR,MAC-200,-,1450.0, ,1400.0,?,1450.0, ,5.0,?,1.4, ,7.0, ,Box+2 panels,2019-06-14,584.0, ,604.0, ,97.77, ,LLEO/S,-,-,SSO,Canada,RCM-1,Radarsat,C,IMG-R,-,S,-,IMG-R,Falcon 9,SPX,VS,SLC4E,Falcon9,Falcon 9,V,Vandenberg,US,United States,2019
S44323,44323,2019-033,2019-033B,P           ,RCM 2,Radarsat Constell. Mission,2019-06-12,A09437,2019-06-12,Earth,,O,-,CSA,CA,BALM/MAXAR,MAC-200,-,1450.0, ,1400.0,?,1450.0, ,5.0,?,1.4, ,7.0, ,Box+2 panels,2019-06-13,584.0, ,603.0, ,97.77, ,LLEO/S,-,-,SSO,Canada,RCM-2,Radarsat,C,IMG-R,-,S,-,IMG-R,Falcon 9,SPX,VS,SLC4E,Falcon9,Falcon 9,V,Vandenberg,US,United States,2019
S44324,44324,2019-033,2019-033C,P           ,RCM 3,Radarsat Constell. Mission,2019-06-12,A09437,2019-06-12,Earth,,O,-,CSA,CA,BALM/MAXAR,MAC-200,-,1450.0, ,1400.0,?,1450.0, ,5.0,?,1.4, ,7.0, ,Box+2 panels,2019-06-14,584.0, ,603.0, ,97.77, ,LLEO/S,-,-,SSO,Canada,RCM-3,Radarsat,C,IMG-R,-,S,-,IMG-R,Falcon 9,SPX,VS,SLC4E,Falcon9,Falcon 9,V,Vandenberg,US,United States,2019
S46273,46273,2020-061,2020-061B,P           ,ESAIL,ESAIL,2020-09-03,A09628,2020-09-03,Earth,2025-03-03,R,-,EXEA,CA,LUXS,Triton-2,-,112.0, ,112.0, ,112.0, ,0.7, ,0.5, ,3.0,?,Box + 2 pan,2020-09-05,517.0, ,518.0, ,97.46, ,LLEO/S,-,-,SSO,Canada,ESAIL,ComDev,B,COM,-,S,-,Communications,Vega,AE,CSG,ZLV,Vega,Vega,CSG,"Centre Spatial Guyanais, Kourou, Guyane Francaise",GUF,French Guiana,2020
S46278,46278,2020-061,2020-061G,P           ,Iris,GHGSat-C1,2020-09-03,A09628,2020-09-03,Earth,,O,-,GHG,CA,UTIAS,Nemo-V1,-,15.0, ,15.0, ,15.0, ,0.4, ,0.2, ,0.4, ,Box,2020-09-05,515.0, ,518.0, ,97.46, ,LLEO/S,-,-,SSO,Canada,GHGSat-C1,GHG,B,EOSCI,ATM,S,-,EOSCI,Vega,AE,CSG,ZLV,Vega,Vega,CSG,"Centre Spatial Guyanais, Kourou, Guyane Francaise",GUF,French Guiana,2020
S46319,46319,2020-061,2020-061AZ,P           ,TARS,Kepler Demo 3,2020-09-03,A09628,2020-09-03,Earth,2024-12-10,R,-,KEPLER,CA,CLAAC,Cubesat 6U,-,15.0, ,15.0, ,15.0, ,0.3, ,0.2, ,0.7,?,Box + 4 pan,2020-09-15,531.0, ,535.0, ,97.52, ,LLEO/S,-,-,SSO,Canada,KEPLER-2 (TARS),Kepler,B,COM,-,S,-,Communications,Vega,AE,CSG,ZLV,Vega,Vega,CSG,"Centre Spatial Guyanais, Kourou, Guyane Francaise",GUF,French Guiana,2020
S46498,46498,2020-068,2020-068N,P           ,Amidala,Kepler 5/Gen1-2,2020-09-28,A09632,2020-09-28,Earth,2024-11-22,R,-,KEPLER,CA,KEPLER/UTIAS,Cubesat 6U,-,15.0, ,15.0, ,15.0, ,0.3, ,0.2, ,0.7,?,Box + 2 pan,2020-09-30,554.0, ,568.0, ,97.67, ,LLEO/S,-,-,SSO,Canada,KEPLER-4 (ANTILLES),Kepler,B,COM,-,S,-,Communications,Soyuz-2-1B,VVKO,GIK-1,LC43/4,R-7,Soyuz,GIK1,,RU,Russia,2020
S46499,46499,2020-068,2020-068P,P           ,Antilles,Kepler 4/Gen1-1,2020-09-28,A09632,2020-09-28,Earth,2025-06-18,R,-,KEPLER,CA,KEPLER/UTIAS,Cubesat 6U,-,15.0, ,15.0, ,15.0, ,0.3, ,0.2, ,0.7,?,Box + 2 pan,2020-09-30,554.0, ,568.0, ,97.67, ,LLEO/S,-,-,SSO,Canada,KEPLER-5 (AMIDALA),Kepler,B,COM,-,S,-,Communications,Soyuz-2-1B,VVKO,GIK-1,LC43/4,R-7,Soyuz,GIK1,,RU,Russia,2020
S46927,46927,2020-069,1998-067RX,P    D      ,DESCENT Mother,DESCENT,2020-10-03,A09644*,2020-11-05,Earth,2022-06-19,R,-,YORK,CA,YORK,Cubesat 1U,-,1.0, ,1.0, ,2.0, ,0.1, ,0.1, ,0.1, ,Box,2020-11-17,411.0, ,420.0, ,51.66, ,LLEO/I,-,-,LEO,Canada,DESCENT,YorkU,A,TECH,-,S,-,Tech Demo,Antares 230+,NGIS,MARS,Pad 0A,Zenit,Antares,MARS,"Mid-Atlantic Regional Spaceport, Wallops Island, Virginia",US,United States,2020
S47446,47446,2021-006,2021-006AK,P        y  ,Boba,Kepler-12,2021-01-24,S47435  C1   ,2021-01-24,Earth,2024-10-10,R,-,KEPLER,CA,KEPLER/UTIAS,Cubesat 6U,-,15.0, ,15.0, ,15.0, ,0.3, ,0.2, ,0.7,?,Box + 2 pan,2021-01-27,526.0, ,536.0, ,97.51, ,LLEO/S,-,-,SSO,Canada,KEPLER-12 (BOBA),Kepler,B,COM,-,S,-,Communications,Falcon 9,SPX,CC,LC40,Falcon9,Falcon 9,CC,Canaveral,US,United States,2021
S47454,47454,2021-006,2021-006AT,P        y  ,Lucky,Kepler-13,2021-01-24,S47435  C1   ,2021-01-24,Earth,2024-04-28,R,-,KEPLER,CA,KEPLER/UTIAS,Cubesat 6U,-,15.0, ,15.0, ,15.0, ,0.3, ,0.2, ,0.7,?,Box + 2 pan,2021-01-27,526.0, ,536.0, ,97.51, ,LLEO/S,-,-,SSO,Canada,KEPLER-13 (LUCKY),Kepler,B,COM,-,S,-,Communications,Falcon 9,SPX,CC,LC40,Falcon9,Falcon 9,CC,Canaveral,US,United States,2021
S47461,47461,2021-006,2021-006BA,P        y  ,SudoRmRf,Kepler-15,2021-01-24,S47435  C1   ,2021-01-24,Earth,2024-05-26,R,-,KEPLER,CA,KEPLER/UTIAS,Cubesat 6U,-,15.0, ,15.0, ,15.0, ,0.3, ,0.2, ,0.7,?,Box + 2 pan,2021-01-27,527.0, ,535.0, ,97.51, ,LLEO/S,-,-,SSO,Canada,KEPLER-15 (SUDORMRF),Kepler,B,COM,-,S,-,Communications,Falcon 9,SPX,CC,LC40,Falcon9,Falcon 9,CC,Canaveral,US,United States,2021
S47476,47476,2021-006,2021-006BR,P        y  ,Amarok,Kepler-8,2021-01-24,S47435  C1   ,2021-01-24,Earth,2024-06-16,R,-,KEPLER,CA,KEPLER/UTIAS,Cubesat 6U,-,15.0, ,15.0, ,15.0, ,0.3, ,0.2, ,0.7,?,Box + 2 pan,2021-01-27,526.0, ,536.0, ,97.51, ,LLEO/S,-,-,SSO,Canada,KEPLER-8 (AMAROK),Kepler,B,COM,-,S,-,Communications,Falcon 9,SPX,CC,LC40,Falcon9,Falcon 9,CC,Canaveral,US,United States,2021
S47501,47501,2021-006,2021-006CS,P        y  ,Baby Yoda,Kepler-10,2021-01-24,S47435  C1   ,2021-01-24,Earth,2024-04-27,R,-,KEPLER,CA,KEPLER/UTIAS,Cubesat 6U,-,15.0, ,15.0, ,15.0, ,0.3, ,0.2, ,0.7,?,Box + 2 pan,2021-01-27,526.0, ,536.0, ,97.51, ,LLEO/S,-,-,SSO,Canada,KEPLER-10 (BABY YODA),Kepler,B,COM,-,S,-,Communications,Falcon 9,SPX,CC,LC40,Falcon9,Falcon 9,CC,Canaveral,US,United States,2021
S47503,47503,2021-006,2021-006CU,P        m  ,Daneel,Kepler-11,2021-01-24,S47435  C1   ,2021-01-24,Earth,2025-03-29,R,-,KEPLER,CA,KEPLER/UTIAS,Cubesat 6U,-,15.0, ,15.0, ,15.0, ,0.3, ,0.2, ,0.7,?,Box + 2 pan,2021-01-27,525.0, ,536.0, ,97.52, ,LLEO/S,-,-,SSO,Canada,KEPLER-11 (DANEEL),Kepler,B,COM,-,S,-,Communications,Falcon 9,SPX,CC,LC40,Falcon9,Falcon 9,CC,Canaveral,US,United States,2021
S47509,47509,2021-006,2021-006DA,P        k  ,Hugo,GHGSat-C2,2021-01-24,S47435  C3   ,2021-01-24,Earth,,O,-,GHG,CA,UTIAS,Nemo-V1,-,15.0, ,15.0, ,15.0, ,0.4, ,0.2, ,0.4, ,Box,2021-01-27,528.0, ,535.0, ,97.52, ,LLEO/S,-,-,SSO,Canada,GHGSat-C2,GHG,B,EOSCI,ATM,S,-,EOSCI,Falcon 9,SPX,CC,LC40,Falcon9,Falcon 9,CC,Canaveral,US,United States,2021
S47526,47526,2021-006,2021-006DS,P        k  ,Stella,Kepler-14,2021-01-24,S47435  C1   ,2021-01-24,Earth,2024-12-24,R,-,KEPLER,CA,KEPLER/UTIAS,Cubesat 6U,-,15.0, ,15.0, ,15.0, ,0.3, ,0.2, ,0.7,?,Box + 2 pan,2021-01-27,526.0, ,536.0, ,97.51, ,LLEO/S,-,-,SSO,Canada,KEPLER-14 (STELLA),Kepler,B,COM,-,S,-,Communications,Falcon 9,SPX,CC,LC40,Falcon9,Falcon 9,CC,Canaveral,US,United States,2021
S47531,47531,2021-006,2021-006DX,P        y  ,Artemis,Kepler-9,2021-01-24,S47435  C1   ,2021-01-24,Earth,2024-06-14,R,-,KEPLER,CA,KEPLER/UTIAS,Cubesat 6U,-,15.0, ,15.0, ,15.0, ,0.3, ,0.2, ,0.7,?,Box + 2 pan,2021-01-27,526.0, ,536.0, ,97.51, ,LLEO/S,-,-,SSO,Canada,KEPLER-9 (ARTEMIS),Kepler,B,COM,-,S,-,Communications,Falcon 9,SPX,CC,LC40,Falcon9,Falcon 9,CC,Canaveral,US,United States,2021
S47949,47949,2021-022,2021-022T,P           ,C3PO,Kepler-7,2021-03-22,A09718,2021-03-22,Earth,2024-09-27,R,-,KEPLER,CA,KEPLER/UTIAS,Cubesat 6U,-,15.0, ,15.0, ,15.0, ,0.3, ,0.2, ,0.7,?,Box + 2 pan,2021-03-24,536.0, ,563.0, ,97.56, ,LLEO/S,-,-,SSO,Canada,KEPLER-7 (C3PO),Kepler,B,COM,-,S,-,Communications,Soyuz-2-1A,GKLS,GIK-5,LC31,R-7,Soyuz,GIK5,,RU,Russia,2021
S47955,47955,2021-022,2021-022Z,P           ,Rocinante,Kepler-6,2021-03-22,A09718,2021-03-22,Earth,2024-11-06,R,-,KEPLER,CA,KEPLER/UTIAS,Cubesat 6U,-,15.0, ,15.0, ,15.0, ,0.3, ,0.2, ,0.7,?,Box + 2 pan,2021-03-24,534.0, ,563.0, ,97.56, ,LLEO/S,-,-,SSO,Canada,KEPLER-6 (ROCINANTE),Kepler,B,COM,-,S,-,Communications,Soyuz-2-1A,GKLS,GIK-5,LC31,R-7,Soyuz,GIK5,,RU,Russia,2021
S51002,51002,2022-002,2022-002U,P           ,Blip-A,Kepler-18,2022-01-13,A09963,2022-01-13,Earth,2024-08-26,R,-,KEPLER,CA,KEPLER/UTIAS,Cubesat 6U,-,15.0, ,15.0, ,15.0, ,0.3, ,0.2, ,0.7,?,Box + 2 pan,2022-01-13,524.0, ,535.0, ,97.51, ,LLEO/S,-,-,SSO,Canada,KEPLER-18 (BLIP-A),Kepler,B,COM,-,S,-,Communications,Falcon 9,SPX,CC,LC40,Falcon9,Falcon 9,CC,Canaveral,US,United States,2022
S51051,51051,2022-002,2022-002BV,P           ,Kepler-19,Kepler-19,2022-01-13,A09961,2022-01-13,Earth,2025-04-02,R,-,KEPLER,CA,KEPLER/UTIAS,Cubesat 6U,-,15.0, ,15.0, ,15.0, ,0.3, ,0.2, ,0.7,?,Box + 2 pan,2022-01-13,519.0, ,535.0, ,97.5, ,LLEO/S,-,-,SSO,Canada,KEPLER-19 (TBD),Kepler,B,COM,-,S,-,Communications,Falcon 9,SPX,CC,LC40,Falcon9,Falcon 9,CC,Canaveral,US,United States,2022
S51057,51057,2022-002,2022-002CB,P           ,Astraeus,Kepler-16,2022-01-13,A09963,2022-01-13,Earth,,O,-,KEPLER,CA,KEPLER/UTIAS,Cubesat 6U,-,15.0, ,15.0, ,15.0, ,0.3, ,0.2, ,0.7,?,Box + 2 pan,2022-01-13,524.0, ,535.0, ,97.51, ,LLEO/S,-,-,SSO,Canada,KEPLER-16 (ASTRAEUS),Kepler,B,COM,-,S,-,Communications,Falcon 9,SPX,CC,LC40,Falcon9,Falcon 9,CC,Canaveral,US,United States,2022
S51059,51059,2022-002,2022-002CD,P           ,Karina,Kepler-17,2022-01-13,A09961,2022-01-13,Earth,2024-09-15,R,-,KEPLER,CA,KEPLER/UTIAS,Cubesat 6U,-,15.0, ,15.0, ,15.0, ,0.3, ,0.2, ,0.7,?,Box + 2 pan,2022-01-13,525.0, ,535.0, ,97.51, ,LLEO/S,-,-,SSO,Canada,KEPLER-17 (KARINA),Kepler,B,COM,-,S,-,Communications,Falcon 9,SPX,CC,LC40,Falcon9,Falcon 9,CC,Canaveral,US,United States,2022
S52737,52737,2022-057,2022-057F,P           ,Luca,GHGSat-C3,2022-05-25,A10438,2022-05-25,Earth,,O,-,GHG,CA,UTIAS,Nemo-V1,-,15.0, ,15.0, ,15.0, ,0.4, ,0.2, ,0.4, ,Box,2022-05-25,526.0, ,536.0, ,97.51, ,LLEO/S,-,-,SSO,Canada,GHGSat-C3,GHG,B,EOSCI,ATM,S,-,EOSCI,Falcon 9,SPX,CC,LC40,Falcon9,Falcon 9,CC,Canaveral,US,United States,2022
S52744,52744,2022-057,2022-057N,P           ,Diako,GHGSat-C5,2022-05-25,A10438,2022-05-25,Earth,,O,-,GHG,CA,UTIAS,Nemo-V1,-,15.0, ,15.0, ,15.0, ,0.4, ,0.2, ,0.4, ,Box,2022-05-25,524.0, ,536.0, ,97.52, ,LLEO/S,-,-,SSO,Canada,GHGSat-C5,GHG,B,EOSCI,ATM,S,-,EOSCI,Falcon 9,SPX,CC,LC40,Falcon9,Falcon 9,CC,Canaveral,US,United States,2022
S52746,52746,2022-057,2022-057Q,P           ,Penny,GHGSat-C4,2022-05-25,A10438,2022-05-25,Earth,,O,-,GHG,CA,UTIAS,Nemo-V1,-,15.0, ,15.0, ,15.0, ,0.4, ,0.2, ,0.4, ,Box,2022-05-25,525.0, ,535.0, ,97.51, ,LLEO/S,-,-,SSO,Canada,GHGSat-C4,GHG,B,EOSCI,ATM,S,-,EOSCI,Falcon 9,SPX,CC,LC40,Falcon9,Falcon 9,CC,Canaveral,US,United States,2022
S55125,55125,2022-159,1998-067US,P ---D-     ,LORIS,LORIS,2022-11-26,A10809*,2022-12-29,Earth,2023-06-03,R,-,DALU,CA,DALU,Cubesat 2U,-,2.0, ,2.0, ,2.0, ,0.2, ,0.1, ,0.2, ,Box,2023-01-03,403.0, ,405.0, ,51.64, ,LLEO/I,-,-,LEO,Canada,LORIS,DalU,A,IMG,-,S,-,Observation,Falcon 9,SPX,KSC,LC39A,Falcon9,Falcon 9,KSC,"NASA John F. Kennedy Space Center, Florida",US,United States,2022
S55126,55126,2022-159,1998-067UT,P ---D-     ,ORCASat,ORCASat,2022-11-26,A10809*,2022-12-29,Earth,2023-07-11,R,-,UVIC,CA,UVIC,Cubesat 2U,-,2.0, ,2.0, ,2.0, ,0.2, ,0.1, ,0.2, ,Box,2023-01-03,411.0, ,418.0, ,51.64, ,LLEO/I,-,-,LEO,Canada,ORCASat,UVic,A,TECH,-,S,-,Tech Demo,Falcon 9,SPX,KSC,LC39A,Falcon9,Falcon 9,KSC,"NASA John F. Kennedy Space Center, Florida",US,United States,2022
S56186,56186,2023-054,2023-054J,P           ,Oceane,GHGSAT-C8,2023-04-15,A10926,2023-04-15,Earth,,O,-,GHG,CA,UTIAS,Nemo-V1,-,15.0, ,15.0, ,15.0, ,0.4, ,0.2, ,0.4, ,Box,2023-04-15,488.0, ,506.0, ,97.42, ,LLEO/S,-,-,SSO,Canada,GHGSat-C,GHG,B,EOSCI,-,S,-,EOSCI,Falcon 9,SPX,VSFBS,SLC4E,Falcon9,Falcon 9,V,Vandenberg,US,United States,2023
S56204,56204,2023-054,2023-054AC,P           ,Mey-Lin,GHGSAT-C6,2023-04-15,A10926,2023-04-15,Earth,,O,-,GHG,CA,UTIAS,Nemo-V1,-,15.0, ,15.0, ,15.0, ,0.4, ,0.2, ,0.4, ,Box,2023-04-15,488.0, ,506.0, ,97.41, ,LLEO/S,-,-,SSO,Canada,GHGSat-C6,GHG,B,EOSCI,-,S,-,EOSCI,Falcon 9,SPX,VSFBS,SLC4E,Falcon9,Falcon 9,V,Vandenberg,US,United States,2023
S56209,56209,2023-054,2023-054AH,P           ,Gaspard,GHGSAT-C7,2023-04-15,A10926,2023-04-15,Earth,,O,-,GHG,CA,UTIAS,Nemo-V1,-,15.0, ,15.0, ,15.0, ,0.4, ,0.2, ,0.4, ,Box,2023-04-15,497.0, ,508.0, ,97.42, ,LLEO/S,-,-,SSO,Canada,GHGSat-C7,GHG,B,EOSCI,-,S,-,EOSCI,Falcon 9,SPX,VSFBS,SLC4E,Falcon9,Falcon 9,V,Vandenberg,US,United States,2023
S56217,56217,2023-054,2023-054AR,P           ,Kepler-20,Kepler-20,2023-04-15,S56192,2023-04-26,Earth,,O,-,KEPLER,CA,KEPLER/UTIAS,Cubesat 6U,-,15.0, ,15.0, ,15.0, ,0.3, ,0.2, ,0.7,?,Box + 2 pan,2023-04-27,491.0, ,507.0, ,97.41, ,LLEO/S,-,-,SSO,Canada,Kepler 20,Kepler,B,COM,-,S,-,Communications,Falcon 9,SPX,VSFBS,SLC4E,Falcon9,Falcon 9,V,Vandenberg,US,United States,2023
S56218,56218,2023-054,2023-054AS,P           ,Kepler-21,Kepler-21,2023-04-15,S56192,2023-04-26,Earth,,O,-,KEPLER,CA,KEPLER/UTIAS,Cubesat 6U,-,15.0, ,15.0, ,15.0, ,0.3, ,0.2, ,0.7,?,Box + 2 pan,2023-04-27,494.0, ,507.0, ,97.41, ,LLEO/S,-,-,SSO,Canada,Kepler 21,Kepler,B,COM,-,S,-,Communications,Falcon 9,SPX,VSFBS,SLC4E,Falcon9,Falcon 9,V,Vandenberg,US,United States,2023
S56312,56312,2023-033,1998-067VD,P    D      ,AuroraSat,AuroraSat,2023-03-15,A10908*,2023-04-24,Earth,2023-10-11,R,-,AURRI,CA,AURRI,Cubesat 2U,-,2.0, ,2.0, ,2.0, ,0.2, ,0.1, ,0.2, ,Box,2023-04-24,412.0, ,420.0, ,51.64, ,LLEO/I,-,-,LEO,Canada,AuroraSat,AurRI,A,TECH,-,S,-,Tech Demo,Falcon 9,SPX,KSC,LC39A,Falcon9,Falcon 9,KSC,"NASA John F. Kennedy Space Center, Florida",US,United States,2023
S56313,56313,2023-033,1998-067VE,P    D      ,Ex-Alta 2,Ex-Alta 2,2023-03-15,A10908*,2023-04-24,Earth,2023-10-31,R,-,ALB,CA,ALB,Cubesat 2U,-,2.0, ,2.0, ,2.0, ,0.2, ,0.1, ,0.2, ,Box,2023-04-24,412.0, ,420.0, ,51.64, ,LLEO/I,-,-,LEO,Canada,EX-Alta 2,Alberta,A,TECH,-,S,-,Tech Demo,Falcon 9,SPX,KSC,LC39A,Falcon9,Falcon 9,KSC,"NASA John F. Kennedy Space Center, Florida",US,United States,2023
S56315,56315,2023-033,1998-067VG,P    D      ,NEUDOSE,NEUDOSE,2023-03-15,A10908*,2023-04-24,Earth,2023-11-29,R,-,MCMU,CA,MCMU,Cubesat 2U,-,2.0, ,2.0, ,2.0, ,0.2, ,0.1, ,0.2, ,Box,2023-04-24,412.0, ,420.0, ,51.64, ,LLEO/I,-,-,LEO,Canada,NEUDOSE,MCMU,A,TECH,-,S,-,Tech Demo,Falcon 9,SPX,KSC,LC39A,Falcon9,Falcon 9,KSC,"NASA John F. Kennedy Space Center, Florida",US,United States,2023
S56316,56316,2023-033,1998-067VH,P    D      ,YukonSat-1,YukonSat-1,2023-03-15,A10908*,2023-04-24,Earth,2023-11-11,R,-,YUKON,CA,YUKON,Cubesat 2U,-,2.0, ,2.0, ,2.0, ,0.2, ,0.1, ,0.2, ,Box,2023-04-24,412.0, ,420.0, ,51.64, ,LLEO/I,-,-,LEO,Canada,YukonSat,Yukon,A,TECH,-,S,-,Tech Demo,Falcon 9,SPX,KSC,LC39A,Falcon9,Falcon 9,KSC,"NASA John F. Kennedy Space Center, Florida",US,United States,2023
S57312,NNA,2023-080,1998-067VQ,P ---D- ?   ,SC-ODIN,SC-ODIN,2023-06-05,A10976*,2023-07-06,Earth,2024-01-10,R,-,CONCOR/CSA,CA,CONCOR,Cubesat 3U,-,4.0, ,4.0, ,4.0, ,0.2, ,0.1, ,0.2, ,Box,2023-07-11,412.0, ,417.0, ,51.64, ,LLEO/I,-,-,LEO,Canada,SC-ODIN,Concordia,A,TECH,-,S,-,Tech Demo,Falcon 9,SPX,KSC,LC39A,Falcon9,Falcon 9,KSC,"NASA John F. Kennedy Space Center, Florida",US,United States,2023
S57313,NNA,2023-080,1998-067VR,P ---D- ?   ,Iris,Iris,2023-06-05,A10976*,2023-07-06,Earth,2024-01-31,R,-,UMANI/CSA,CA,UMANI,Cubesat 3U,-,4.0, ,4.0, ,4.0, ,0.2, ,0.1, ,0.2, ,Box,2023-07-11,413.0, ,417.0, ,51.64, ,LLEO/I,-,-,LEO,Canada,Iris,Manitoba,A,TECH,-,S,-,Tech Demo,Falcon 9,SPX,KSC,LC39A,Falcon9,Falcon 9,KSC,"NASA John F. Kennedy Space Center, Florida",US,United States,2023
S57314,NNA,2023-080,1998-067VS,P ---D- ?   ,RADSAT-SK,RADSAT-SK,2023-06-05,A10976*,2023-07-06,Earth,2023-11-07,R,-,SASK/CSA,CA,SASK,Cubesat 2U,-,2.0, ,2.0, ,2.0, ,0.2, ,0.1, ,0.2, ,Box,2023-07-10,412.0, ,416.0, ,51.64, ,LLEO/I,-,-,LEO,Canada,RADSAT-SK,Sask,A,TECH,-,S,-,Tech Demo,Falcon 9,SPX,KSC,LC39A,Falcon9,Falcon 9,KSC,"NASA John F. Kennedy Space Center, Florida",US,United States,2023
S57315,NNA,2023-080,1998-067VT,P ---D- ?   ,Ukpik-1,Ukpik-1,2023-06-05,A10976*,2023-07-06,Earth,2024-01-30,R,-,UWO/CSA,CA,UWO,Cubesat 2U,-,2.0, ,2.0, ,2.0, ,0.2, ,0.1, ,0.2, ,Box,2023-07-10,412.0, ,417.0, ,51.64, ,LLEO/I,-,-,LEO,Canada,Ukpik-1,UWO,A,TECH,-,S,-,Tech Demo,Falcon 9,SPX,KSC,LC39A,Falcon9,Falcon 9,KSC,"NASA John F. Kennedy Space Center, Florida",US,United States,2023
S57317,NNA,2023-080,1998-067VV,P ---D- ?   ,ESSENCE,ESSENCE,2023-06-05,A10976*,2023-07-06,Earth,2023-12-01,R,-,YORK/CSA,CA,YORK,Cubesat 3U,-,4.0, ,4.0, ,4.0, ,0.2, ,0.1, ,0.2, ,Box,2023-07-11,412.0, ,416.0, ,51.64, ,LLEO/I,-,-,LEO,Canada,ESSENCE,YorkU,A,TECH,-,S,-,Tech Demo,Falcon 9,SPX,KSC,LC39A,Falcon9,Falcon 9,KSC,"NASA John F. Kennedy Space Center, Florida",US,United States,2023
S57392,57392,2023-100,2023-100G,P           ,Telesat LEO 3,LEO Vantage 3,2023-07-18,S57393,2023-07-18,Earth,,O,-,TCANL,CA,UTIAS,Defiant,-,30.0, ,30.0, ,30.0, ,0.5, ,0.3, ,1.3,?,Box + 2 pan,2023-07-18,994.0, ,1019.0, ,99.44, ,LEO/S,-,-,SSO,Canada,Telesat LEO 3,Vantage,B,COM,-,S,-,Communications,Electron,RLABN,MAHIA,LC1B,Electron,Electron,RLLC1,,NZ,New Zealand,2023
S58281,58281,2023-174,2023-174AB,P           ,Aether 1,Aether 1,2023-11-11,A11079  KEP  ,2023-11-11,Earth,,O,-,KEPLER,CA,KEPLER/UTIAS,Cubesat 6U,-,15.0, ,15.0, ,15.0, ,0.3, ,0.2, ,0.7,?,Box + 2 pan,2023-11-29,516.0, ,529.0, ,97.48, ,LLEO/S,-,-,SSO,Canada,Aether 1,Kepler,B,COM,-,S,-,Communications,Falcon 9,SPX,VSFBS,SLC4E,Falcon9,Falcon 9,V,Vandenberg,US,United States,2023
S58299,58299,2023-174,2023-174AV,P           ,Aether 2,Aether 2,2023-11-11,A11079  KEP  ,2023-11-11,Earth,,O,-,KEPLER,CA,KEPLER/UTIAS,Cubesat 6U,-,15.0, ,15.0, ,15.0, ,0.3, ,0.2, ,0.7,?,Box + 2 pan,2023-11-29,513.0, ,529.0, ,97.48, ,LLEO/S,-,-,SSO,Canada,Aether 2,Kepler,B,COM,-,S,-,Communications,Falcon 9,SPX,VSFBS,SLC4E,Falcon9,Falcon 9,V,Vandenberg,US,United States,2023
S58568,NNA,2023-174,2023-174CZ,P       ?   ,Heron Mk II,Heron Mk II,2023-11-11,A11079  EQ3  ,2023-11-11,Earth,2024-12-24,R,-,UTAT,CA,UTAT,Cubesat 3U,-,5.0, ,5.0, ,5.0, ,0.3, ,0.2, ,0.3, ,Box,2023-11-29,513.0, ,526.0, ,97.47, ,LLEO/S,-,-,SSO,Canada,Heron Mk II,UTAT,A,TECH,-,S,-,Tech Demo,Falcon 9,SPX,VSFBS,SLC4E,Falcon9,Falcon 9,V,Vandenberg,US,United States,2023
S59559,NNA,2024-054,1998-067WJ,P    D  ?   ,Killick-1,Killick-1,2024-03-21,A11176*,2024-04-18,Earth,2024-09-17,R,-,MUNF,CA,MUNF,Cubesat 2U,-,2.0, ,2.0, ,2.0, ,0.2, ,0.1, ,0.2, ,Box,2024-04-23,409.0, ,413.0, ,51.64, ,LLEO/I,-,-,LEO,Canada,Killick-1,MUNF,A,EOSCI,-,F,GNSS-R,EOSCI,Falcon 9,SPX,CC,LC40,Falcon9,Falcon 9,CC,Canaveral,US,United States,2024
S59560,NNA,2024-054,1998-067WK,P    D  ?   ,QMSAT,UdeSat,2024-03-21,A11176*,2024-04-18,Earth,2024-08-01,R,-,UDES,CA,UDES,Cubesat 2U,-,2.0, ,2.0, ,2.0, ,0.2, ,0.1, ,0.2, ,Box,2024-04-23,409.0, ,412.0, ,51.64, ,LLEO/I,-,-,LEO,Canada,QMSAT,UDES,A,TECH,-,F,-,Tech Demo,Falcon 9,SPX,CC,LC40,Falcon9,Falcon 9,CC,Canaveral,US,United States,2024
S59596,NNA,2024-054,1998-067WP,P    D  ?   ,VIOLET,VIOLET,2024-03-21,A11176*,2024-04-18,Earth,2024-08-29,R,-,UNBRUN,CA,UNBRUN,Cubesat 2U,-,2.0, ,2.0, ,2.0, ,0.2, ,0.1, ,0.2, ,Box,2024-04-27,404.0, ,410.0, ,51.64, ,LLEO/I,-,-,LEO,Canada,Violet,UNBrun,A,EOSCI,ATM,S,-,EOSCI,Falcon 9,SPX,CC,LC40,Falcon9,Falcon 9,CC,Canaveral,US,United States,2024
S62400,62400,2024-247,2024-247Z,P           ,XCUBE-1,XCUBE-1,2024-12-21,A11382,2024-12-21,Earth,,O,-,XPL,CA,EXOBOT,Cubesat 6U,-,12.0, ,12.0, ,12.0, ,0.3, ,0.2, ,1.2, ,Box+2 pan,2024-12-21,509.0, ,513.0, ,45.0, ,LLEO/I,K,-,LEO,Canada,XCUBE-1,XPL,B,TECH,-,S,-,Tech Demo,Falcon 9,SPX,VSFBS,SLC4E,Falcon9,Falcon 9,V,Vandenberg,US,United States,2024
S62665,62665,2025-009,2025-009BJ,P           ,Jay D2,Gray Jay 3,2025-01-14,A11398,2025-01-14,Earth,,O,-,DRDC/UTIAS,CA,UTIAS,Defiant,-,35.0,?,35.0,?,35.0,?,0.4, ,0.3, ,0.4, ,Box+ 2 pan,2025-01-14,512.0, ,518.0, ,97.44, ,LLEO/S,-,-,SSO,Canada,Jay D2,Jay,B,IMG,-,S,-,Observation,Falcon 9,SPX,VSFBS,SLC4E,Falcon9,Falcon 9,V,Vandenberg,US,United States,2025
S62668,62668,2025-009,2025-009BM,P           ,Jay C,Gray Jay 1,2025-01-14,A11398,2025-01-14,Earth,,O,-,DRDC/UTIAS,CA,UTIAS,Defiant,-,35.0,?,35.0,?,35.0,?,0.4, ,0.3, ,0.4, ,Box+ 2 pan,2025-01-14,512.0, ,519.0, ,97.44, ,LLEO/S,-,-,SSO,Canada,Jay C,Jay,B,IMG,-,S,-,Observation,Falcon 9,SPX,VSFBS,SLC4E,Falcon9,Falcon 9,V,Vandenberg,US,United States,2025
S62669,62669,2025-009,2025-009BN,P           ,Jay D1,Gray Jay 2,2025-01-14,A11398,2025-01-14,Earth,,O,-,DRDC/UTIAS,CA,UTIAS,Defiant,-,35.0,?,35.0,?,35.0,?,0.4, ,0.3, ,0.4, ,Box+ 2 pan,2025-01-14,512.0, ,519.0, ,97.45, ,LLEO/S,-,-,SSO,Canada,Jay D1,Jay,B,IMG,-,S,-,Observation,Falcon 9,SPX,VSFBS,SLC4E,Falcon9,Falcon 9,V,Vandenberg,US,United States,2025
S64531,64531,2025-135,2025-135D,P       ?   ,MOBIUS-1,MOBIUS-1,2025-06-23,A11534,2025-06-23,Earth,,O,-,GALAX,CA,GALAX,Cubesat 6U,-,10.0, ,10.0, ,10.0, ,0.3, ,0.2, ,0.3, ,Box,,0.0, ,0.0, ,0.0, ,-,-,-,-,Canada,MOBIUS-1,Galaxia,B,IMG,-,S,-,Observation,Falcon 9,SPX,VSFBS,SLC4E,Falcon9,Falcon 9,V,Vandenberg,US,United States,2025
S64539,64539,2025-135,2025-135M,P       ?   ,Valmay,GHGSat-C13,2025-06-23,A11534,2025-06-23,Earth,,O,-,GHG,CA,UTIAS,Nemo-V1,-,15.0, ,15.0, ,15.0, ,0.4, ,0.2, ,0.4, ,Box,,0.0, ,0.0, ,0.0, ,-,-,-,-,Canada,Valmay,GHG,B,EOSCI,-,S,-,EOSCI,Falcon 9,SPX,VSFBS,SLC4E,Falcon9,Falcon 9,V,Vandenberg,US,United States,2025
S64545,64545,2025-135,2025-135T,P       ?   ,Pierre,GHGSat-C12,2025-06-23,A11534,2025-06-23,Earth,,O,-,GHG,CA,UTIAS,Nemo-V1,-,15.0, ,15.0, ,15.0, ,0.4, ,0.2, ,0.4, ,Box,,0.0, ,0.0, ,0.0, ,-,-,-,-,Canada,Pierre,GHG,B,EOSCI,-,S,-,EOSCI,Falcon 9,SPX,VSFBS,SLC4E,Falcon9,Falcon 9,V,Vandenberg,US,United States,2025
