Launch_Tag,Launch_JD,Launch_Date,LV_Type,Variant,Flight_ID,Flight,Mission,FlightCode,Platform,Launch_Site,Launch_Pad,Ascent_Site,Ascent_Pad,Apogee,Apoflag,Range,RangeFlag,Dest,OrbPay,Agency,LaunchCode,FailCode,Group,Category,LTCite,Cite,Notes,Simple_Orbit,V2_Payload_Category,Launch_Vehicle_Family,Launch_Vehicle_Simplified,State,Country,Launch_Site_Parent,Launch_Site_Name,Payload_Mass,Orbit_Canonical_Date,Perigee,Inc,OpOrbit,First_Simple_Payload_Category,First_Payload_Class,General_Launch_Payload_Type,days_since_last
2022-002,2459593.14,2022-01-13,Falcon 9,FT5,137/B1058.10 F137,Transporter-3,Transporter-3,-,-,CC,LC40,-,-,535.0, ,    -, ,-,3.165,SPX,OS,-,C,Sat SSO D,Wire,-,-,SSO,Scientific,Falcon9,Falcon 9,US,United States,Canaveral,,2424.15,2022-01-13,517.0,97.51,LLEO/S,Communications,B,Commercial,
2022-008,2459611.47,2022-01-31,Falcon 9,FT5,134/B1052.3  F139,COSMO-Skymed SG FM2,COSMO-Skymed SG FM2,-,-,CC,LC40,-,-,648.0, ,    -, ,-,2.205,SPX,OS,-,C/OG,Sat SSO D,Wire,-,-,SSO,Scientific,Falcon9,Falcon 9,US,United States,Canaveral,,2205.0,2022-02-01,621.0,97.89,LEO/S,IMG-R,D,Military,18.0
2022-016,2459632.11,2022-02-21,Falcon 9,FT5,142/B1058.11 F142,Starlink-39,Starlink Group 4-8,V1.5 4-8  (46 Ku),-,CC,LC40,-,-,335.0, ,    -, ,-,14.062,SPX,OS,-,C,Sat LEO D 4,Wire,-,-,LEO,Scientific,Falcon9,Falcon 9,US,United States,Canaveral,,13662.0,2022-02-22,324.0,53.22,LLEO/I,Communications,B,Starlink,21.0
2022-025,2459648.07,2022-03-09,Falcon 9,FT5,145/B1052.4  F145,Starlink-42,Starlink Group 4-10,V1.5 4-10 (48 Ku),-,CC,LC40,-,-,311.0, ,    -, ,-,14.656,SPX,OS,-,C,Sat LEO D 4,Wire,-,-,LEO,Scientific,Falcon9,Falcon 9,US,United States,Canaveral,,14256.0,2022-03-13,301.0,53.22,LLEO/I,Communications,B,Starlink,16.0
2022-029,2459657.7,2022-03-19,Falcon 9,FT5,146/B1051.12 F146,Starlink-43,Starlink Group 4-12,V1.5 4-12 (53 Ku),-,CC,LC40,-,-,315.0, ,    -, ,-,16.141,SPX,OS,-,C,Sat LEO D 4,Wire,-,-,LEO,Scientific,Falcon9,Falcon 9,US,United States,Canaveral,,15741.0,2022-03-22,301.0,53.22,LLEO/I,Communications,B,Starlink,10.0
2022-033,2459671.18,2022-04-01,Falcon 9,FT5,148/B1061.7  F147,Transporter-4,Transporter-4,-,-,CC,LC40,-,-,656.0, ,    -, ,-,2.199,SPX,OS,-,C,Sat SSO D,Wire,-,-,SSO,Scientific,Falcon9,Falcon 9,US,United States,Canaveral,,1628.908,2022-04-06,638.0,97.95,LEO/S,Communications,B,Commercial,13.0
2022-041,2459691.24,2022-04-21,Falcon 9,FT5,151/B1060.12 F150,Starlink-44,Starlink Group 4-14,V1.5 4-14 (53 Ku),-,CC,LC40,-,-,324.0, ,    -, ,-,15.941,SPX,OS,-,C,Sat LEO D 4,Wire,-,-,LEO,Scientific,Falcon9,Falcon 9,US,United States,Canaveral,,15741.0,2022-04-25,322.0,53.22,LLEO/I,Communications,B,Starlink,20.0
2022-045,2459699.39,2022-04-29,Falcon 9,FT5,152/B1062.6  F152,Starlink-45,Starlink Group 4-16,V1.5 4-16 (53 Ku),-,CC,LC40,-,-,316.0, ,    -, ,-,15.941,SPX,OS,-,C,Sat LEO D 4,Wire,-,-,LEO,Scientific,Falcon9,Falcon 9,US,United States,Canaveral,,15741.0,2022-04-30,303.0,53.21,LLEO/I,Communications,B,Starlink,8.0
2022-052,2459714.36,2022-05-14,Falcon 9,FT5,155/B1073.1  F155,Starlink-48,Starlink Group 4-15,V1.5 4-15 (53 Ku),-,CC,LC40,-,-,317.0, ,    -, ,-,15.941,SPX,OS,-,C,Sat LEO D 4,Wire,-,-,LEO,Scientific,Falcon9,Falcon 9,US,United States,Canaveral,,15741.0,2022-05-15,303.0,53.22,LLEO/I,Communications,B,Starlink,15.0
2022-057,2459725.27,2022-05-25,Falcon 9,FT5,157/B1061.8  F157,Transporter-5,Transporter-5,-,-,CC,LC40,-,-,536.0, ,    -, ,-,2.469,SPX,OS,-,C,Sat SSO D,Wire,-,-,SSO,Scientific,Falcon9,Falcon 9,US,United States,Canaveral,,1698.4,2022-05-25,527.0,97.5,LLEO/S,COM/MET-RO,B,Commercial,11.0
2022-061,2459739.38,2022-06-08,Falcon 9,FT5,159/B1062.7  F158,Nilesat 301,Nilesat 301,-,-,CC,LC40,-,-,35795.0, ,    -, ,-,3.938,SPX,OS,-,C,Sat GTO O,Wire,-,-,GTO,Scientific,Falcon9,Falcon 9,US,United States,Canaveral,,3938.0,2022-08-08,35777.0,0.05,GEO/S,Communications,C,Commercial,14.0
2022-064,2459749.69,2022-06-19,Falcon 9,FT5,161/B1061.9  F161,Globalstar/USA 328-331,Globalstar FM15,-,-,CC,LC40,-,-,1125.0, ,    -, ,-,2.465,SPX,OS,-,CX/G,Sat LEO D,Wire,-,-,LEO,Scientific,Falcon9,Falcon 9,US,United States,Canaveral,,1915.0,2022-06-20,1111.0,51.98,LEO/I,Communications,B,Government,11.0
2022-071,2459760.38,2022-06-29,Falcon 9,FT5,164/B1073.2  F162,SES-22,SES-22,-,-,CC,LC40,-,-,35796.0, ,    -, ,-,3.5,SPX,OS,-,C,Sat GTO O,Wire,-,-,GTO,Scientific,Falcon9,Falcon 9,US,United States,Canaveral,,3500.0,2022-08-29,35776.0,0.06,GEO/S,Communications,B,Commercial,10.0
2022-076,2459768.05,2022-07-07,Falcon 9,FT5,163/B1058.13 F163,Starlink-51,Starlink Group 4-21,V1.5 4-21 (53 Ku),-,CC,LC40,-,-,327.0, ,    -, ,-,15.941,SPX,OS,-,C,Sat LEO D 4,Wire,-,-,LEO,Scientific,Falcon9,Falcon 9,US,United States,Canaveral,,15741.0,2022-07-11,269.0,53.22,LLEO/I,Communications,B,Starlink,8.0
2022-083,2459778.1,2022-07-17,Falcon 9,FT5,166/B1051.13 F166,Starlink-53,Starlink Group 4-22,V1.5 4-22 (53 Ku),-,CC,LC40,-,-,337.0, ,    -, ,-,15.941,SPX,OS,-,C,Sat LEO D 4,Wire,-,-,LEO,Scientific,Falcon9,Falcon 9,US,United States,Canaveral,,15741.0,2022-07-17,231.0,53.22,LLEO/I,Communications,B,Starlink,10.0
2022-094,2459796.46,2022-08-04,Falcon 9,FT5,169/B1052.6  F169,Danuri,KPLO,-,-,CC,LC40,-,-,1155274.0, ,    -, ,-,0.678,SPX,DS,-,C/OG,Sat EEO E,Wire,-,-,BEO,Scientific,Falcon9,Falcon 9,US,United States,Canaveral,,678.0,2022-08-05,246.0,29.59,CLO,Other,C,Government,18.0
2022-101,2459811.31,2022-08-19,Falcon 9,FT5,172/B1062.9  F172,Starlink-58,Starlink Group 4-27,V1.5 4-27 (53 Ku),-,CC,LC40,-,-,337.0, ,    -, ,-,16.1,SPX,OS,-,C,Sat LEO D 4,Wire,-,-,LEO,Scientific,Falcon9,Falcon 9,US,United States,Canaveral,,15900.0,2022-08-20,231.0,53.22,LLEO/I,Communications,B,Starlink,15.0
2022-104,2459819.65,2022-08-28,Falcon 9,FT5,173/B1069.2  F173,Starlink-59,Starlink Group 4-23,V1.5 4-23 (54 Ku),-,CC,LC40,-,-,335.0, ,    -, ,-,16.4,SPX,OS,-,C,Sat LEO D 4,Wire,-,-,LEO,Scientific,Falcon9,Falcon 9,US,United States,Canaveral,,16200.0,2022-08-28,231.0,53.22,LLEO/I,Communications,B,Starlink,9.0
2022-107,2459827.59,2022-09-05,Falcon 9,FT5,175/B1052.7  F175,Starlink-61,Starlink Group 4-20/SLTC,V1.5 4-20 (51 Ku),-,CC,LC40,-,-,314.0, ,    -, ,-,15.955,SPX,OS,-,C,Sat LEO D 5,Wire,-,-,LEO,Scientific,Falcon9,Falcon 9,US,United States,Canaveral,,15735.0,2022-09-06,301.0,53.21,LLEO/I,Communications,B,Starlink,8.0
2022-114,2459841.51,2022-09-19,Falcon 9,FT5,177/B1067.6  F177,Starlink-63,Starlink Group 4-34,V1.5 4-34 (54 Ku),-,CC,LC40,-,-,336.0, ,    -, ,-,16.67,SPX,OS,-,C,Sat LEO D 4,Wire,-,-,LEO,Scientific,Falcon9,Falcon 9,US,United States,Canaveral,,16470.0,2022-09-19,231.0,53.22,LLEO/I,Communications,B,Starlink,14.0
2022-119,2459847.48,2022-09-24,Falcon 9,FT5,178/B1073.4  F178,Starlink-64,Starlink Group 4-35,V1.5 4-35 (52 Ku),-,CC,LC40,-,-,337.0, ,    -, ,-,16.06,SPX,OS,-,C,Sat LEO D 4,Wire,-,-,LEO,Scientific,Falcon9,Falcon 9,US,United States,Canaveral,,15860.0,2022-09-25,232.0,53.23,LLEO/I,Communications,B,Starlink,5.0
2022-128,2459861.46,2022-10-08,Falcon 9,FT5,182/B1060.14 F181,Galaxy 33/34,Galaxy 33/34,-,-,CC,LC40,-,-,35795.0, ,    -, ,-,7.35,SPX,OS,-,C,Sat GTO O,Wire,-,-,GTO,Scientific,Falcon9,Falcon 9,US,United States,Canaveral,,7350.0,2022-12-08,35777.0,0.01,GEO/S,Communications,B,Commercial,14.0
2022-134,2459867.72,2022-10-15,Falcon 9,FT5,183/B1069.3  F182,Hot Bird 13F,Hot Bird 13F,-,-,CC,LC40,-,-,63252.0, ,    -, ,-,4.476,SPX,OS,-,C,Sat STO O,Wire,-,-,GTO,Scientific,Falcon9,Falcon 9,US,United States,Canaveral,,4476.0,2022-11-15,3363.0,17.35,HEO,Communications,B,Commercial,7.0
2022-136,2459873.12,2022-10-20,Falcon 9,FT5,179/B1062.10 F183,Starlink-66,Starlink Group 4-36,V1.5 4-36 (54 Ku),-,CC,LC40,-,-,334.0, ,    -, ,-,16.67,SPX,OS,-,C,Sat LEO D 4,Wire,-,-,LEO,Scientific,Falcon9,Falcon 9,US,United States,Canaveral,,16470.0,2022-10-20,232.0,53.22,LLEO/I,Communications,B,Starlink,5.0
2022-146,2459886.72,2022-11-03,Falcon 9,FT5,185/B1067.7  F185,Hot Bird 13G,Hot Bird 13G,-,-,CC,LC40,-,-,65654.0, ,    -, ,-,4.476,SPX,OS,-,C,Sat GTO O,Wire,-,-,GTO,Scientific,Falcon9,Falcon 9,US,United States,Canaveral,,4476.0,2022-12-05,4191.0,16.98,GEO/NS,Communications,B,Commercial,14.0
2022-153,2459896.17,2022-11-12,Falcon 9,FT5,186/B1051.14 F186,Galaxy 31/32,Galaxy 31/32,-,-,CC,LC40,-,-,35741.0, ,    -, ,-,6.6,SPX,OS,-,C,Sat GTO O,Wire,-,-,GTO,Scientific,Falcon9,Falcon 9,US,United States,Canaveral,,6600.0,2023-01-11,35722.0,0.09,GEO/D,Communications,B,Commercial,9.0
2022-157,2459906.62,2022-11-23,Falcon 9,FT5,188/B1049.11 F187,Eutelsat 10B,Eutelsat 10B,-,-,CC,LC40,-,-,68932.0, ,    -, ,-,4.5,SPX,OS,-,C,Sat GTO O,Wire,-,-,GTO,Scientific,Falcon9,Falcon 9,US,United States,Canaveral,,4500.0,2022-12-28,4482.0,12.52,GEO/NS,Communications,B,Commercial,11.0
2022-168,2459924.82,2022-12-11,Falcon 9,FT5,190/B1073.5  F190,Hakuto-R M1,Hakuto-R M1,-,-,CC,LC40,-,-,1134167.0, ,    -, ,-,1.074,SPX,DS,-,C,Sat EEO E,Wire,-,-,BEO,Scientific,Falcon9,Falcon 9,US,United States,Canaveral,,1064.0,2022-12-11,293.0,29.1,CLO,Other,B,Commercial,18.0
2022-174,2459930.45,2022-12-16,Falcon 9,FT5,193/B1067.8  F192,O3b mPOWER 1/2,O3b mPOWER 1/2,-,-,CC,LC40,-,-,7658.0, ,    -, ,-,3.4,SPX,OS,-,C,Sat MEO O,Wire,-,-,MEO,Scientific,Falcon9,Falcon 9,US,United States,Canaveral,,3400.0,2023-02-15,4913.0,5.33,MEO,Communications,B,Commercial,5.0
2022-177,2459941.9,2022-12-28,Falcon 9,FT5,195/B1062.11 F194,Starlink-69,Starlink Group 5-1,V1.5 5-1  (54 Ku),-,CC,LC40,-,-,336.0, ,    -, ,-,16.67,SPX,OS,-,C,Sat LEO D 4,spaceflightnow.com,-,-,LEO,Scientific,Falcon9,Falcon 9,US,United States,Canaveral,,16470.0,2022-12-28,212.0,43.0,LLEO/I,Communications,B,Starlink,12.0
2023-001,2459948.12,2023-01-03,Falcon 9,FT5,196/B1060.15 F196,Transporter-6,Transporter-6,-,-,CC,LC40,-,-,538.0, ,    -, ,-,3.511,SPX,OS,-,C,Sat SSO D,spaceflightnow.com,-,-,SSO,Scientific,Falcon9,Falcon 9,US,United States,Canaveral,,2762.08,2023-01-03,526.0,97.5,LLEO/S,Observation,B,Commercial,6.0
2023-004,2459954.7,2023-01-10,Falcon 9,FT5,198/B1076.2  F197,OneWeb-2,OneWeb L16,-,-,CC,LC40,-,-,602.0, ,    -, ,-,5.92,SPX,OS,-,C,Sat LEO D,spaceflightnow.com,-,-,LEO,Scientific,Falcon9,Falcon 9,US,United States,Canaveral,,5920.0,2023-01-12,587.0,86.51,LLEO/P,Communications,B,Commercial,7.0
2023-009,2459963.02,2023-01-18,Falcon 9,FT5,199/B1077.2  F198,GPS III SV06,GPS III SV06,-,-,CC,LC40,-,-,20200.0, ,    -, ,-,4.352,SPX,OS,-,CX/G,Sat MTO D,nasaspacflight.com,-,-,MEO,Scientific,Falcon9,Falcon 9,US,United States,Canaveral,,4352.0,2023-03-20,20163.0,55.1,MEO,Communications,D,Military,8.0
2023-013,2459970.9,2023-01-26,Falcon 9,FT5,201/B1067.9  F200,Starlink-71,Starlink Group 5-2,V1.5 5-2  (56 Ku),-,CC,LC40,-,-,336.0, ,    -, ,-,17.28,SPX,OS,-,C,Sat LEO D 4,Wire,-,-,LEO,Scientific,Falcon9,Falcon 9,US,United States,Canaveral,,17080.0,2023-01-26,211.0,43.0,LLEO/I,Communications,B,Starlink,8.0
2023-017,2459982.56,2023-02-07,Falcon 9,FT5,203/B1073.6  F203,Amazonas Nexus,Amazonas Nexus,-,-,CC,LC40,-,-,64125.0, ,    -, ,-,4.5,SPX,OS,-,C,Sat STO O,Wire,-,-,GTO,Scientific,Falcon9,Falcon 9,US,United States,Canaveral,,4500.0,2023-02-23,2471.0,19.38,HEO,Communications,B,Commercial,12.0
2023-020,2459987.72,2023-02-12,Falcon 9,FT5,205/B1062.12 F204,Starlink-74,Starlink Group 5-4,V1.5 5-4  (55 Ku),-,CC,LC40,-,-,339.0, ,    -, ,-,16.975,SPX,OS,-,C,Sat LEO D 4,Wire,-,-,LEO,Scientific,Falcon9,Falcon 9,US,United States,Canaveral,,16775.0,2023-02-12,296.0,43.0,LLEO/I,Communications,B,Starlink,5.0
2023-022,2459993.67,2023-02-18,Falcon 9,FT5,207/B1077.3  F206,Inmarsat 6 F2,Inmarsat 6 F2,-,-,CC,LC40,-,-,46215.0, ,    -, ,-,5.47,SPX,OS,-,C,Sat GTO O,Wire,-,-,GTO,Scientific,Falcon9,Falcon 9,US,United States,Canaveral,,5470.0,2023-04-19,3662.0,17.07,HEO,Communications,B,Commercial,6.0
2023-026,2460003.47,2023-02-27,Falcon 9,FT5,208/B1076.3  F207,Starlink-76,Starlink Group 6-1,V2M  6-1  (21 Ku),-,CC,LC40,-,-,372.0, ,    -, ,-,15.75,SPX,OS,-,C,Sat LEO D 4,Wire,-,-,LEO,Scientific,Falcon9,Falcon 9,US,United States,Canaveral,,15330.0,2023-02-28,365.0,43.01,LLEO/I,Communications,B,Starlink,9.0
2023-029,2460013.3,2023-03-09,Falcon 9,FT5,210/B1062.13 F210,OneWeb-3,OneWeb L17,-,-,CC,LC40,-,-,600.0, ,    -, ,-,5.92,SPX,OS,-,C,Sat LEO D,spaceflightnow.com,-,-,LEO,Scientific,Falcon9,Falcon 9,US,United States,Canaveral,,5920.0,2023-03-09,588.0,86.51,LLEO/P,Communications,B,Commercial,10.0
2023-038,2460021.48,2023-03-17,Falcon 9,FT5,212/B1069.6  F213,SES-18/19,SES-18/19,-,-,CC,LC40,-,-,35718.0, ,    -, ,-,7.255,SPX,OS,-,C,Sat GTO O,spaceflightnow.com,-,-,GTO,Scientific,Falcon9,Falcon 9,US,United States,Canaveral,,7255.0,2023-05-17,35709.0,0.02,GEO/D,Communications,B,Commercial,8.0
2023-042,2460028.15,2023-03-24,Falcon 9,FT5,217/B1067.10 F214,Starlink-79,Starlink Group 5-5,V1.5 5-5  (56 Ku),-,CC,LC40,-,-,339.0, ,    -, ,-,17.1,SPX,OS,-,C,Sat LEO D 4,Wire,-,-,LEO,Scientific,Falcon9,Falcon 9,US,United States,Canaveral,,17080.0,2023-03-24,297.0,43.0,LLEO/I,Communications,B,Starlink,7.0
2023-046,2460033.33,2023-03-29,Falcon 9,FT5,215/B1077.4  F215,Starlink-80,Starlink Group 5-10,V1.5 5-10 (56 Ku),-,CC,LC40,-,-,335.0, ,    -, ,-,17.1,SPX,OS,-,C,Sat LEO D 4,Wire,-,-,LEO,Scientific,Falcon9,Falcon 9,US,United States,Canaveral,,17080.0,2023-03-30,298.0,43.0,LLEO/I,Communications,B,Starlink,5.0
2023-052,2460041.69,2023-04-07,Falcon 9,FT5,218/B1076.4  F217,Intelsat IS-40e/TEMPO,IS-40e,-,-,CC,LC40,-,-,35796.0, ,    -, ,-,6.309,SPX,OS,-,C,Sat GTO O,Wire,-,-,GTO,Scientific,Falcon9,Falcon 9,US,United States,Canaveral,,6013.0,2023-06-06,35777.0,0.01,GEO/S,Communications,B,Commercial,9.0
2023-056,2460054.1,2023-04-19,Falcon 9,FT5,220/B1073.8  F219,Starlink-81,Starlink Group 6-2,V2M  6-2  (21 Ku),-,CC,LC40,-,-,352.0, ,    -, ,-,15.75,SPX,OS,-,C,Sat LEO D,Wire,-,-,LEO,Scientific,Falcon9,Falcon 9,US,United States,Canaveral,,15330.0,2023-04-19,345.0,43.0,LLEO/I,Communications,B,Starlink,12.0
2023-059,2460063.42,2023-04-28,Falcon 9,FT5,221/B1078.2  F221,O3b mPOWER 3/4,O3b mPOWER 3/4,-,-,CC,LC40,-,-,8183.0, ,    -, ,-,3.4,SPX,OS,-,C,Sat MEO O,Wire,-,-,MEO,Scientific,Falcon9,Falcon 9,US,United States,Canaveral,,3400.0,2023-07-10,6426.0,2.82,MEO,Communications,B,Commercial,9.0
2023-061,2460068.81,2023-05-04,Falcon 9,FT5,222/B1069.7  F222,Starlink-83,Starlink Group 5-6,V1.5 5-6  (56 Ku),-,CC,LC40,-,-,339.0, ,    -, ,-,17.1,SPX,OS,-,C,Sat LEO D 4,Wire,-,-,LEO,Scientific,Falcon9,Falcon 9,US,United States,Canaveral,,17080.0,2023-05-04,297.0,43.01,LLEO/I,Communications,B,Starlink,6.0
2023-065,2460078.71,2023-05-14,Falcon 9,FT5,225/B1067.11 F224,Starlink-85,Starlink Group 5-9,V1.5 5-9  (56 Ku),-,CC,LC40,-,-,337.0, ,    -, ,-,17.1,SPX,OS,-,C,Sat LEO D 4,Wire,-,-,LEO,Scientific,Falcon9,Falcon 9,US,United States,Canaveral,,17080.0,2023-05-14,298.0,43.01,LLEO/I,Communications,B,Starlink,10.0
2023-067,2460083.76,2023-05-19,Falcon 9,FT5,227/B1076.5  F225,Starlink-86,Starlink Group 6-3,V2M  6-3  (22 Ku),-,CC,LC40,-,-,321.0, ,    -, ,-,16.5,SPX,OS,-,C,Sat LEO D,Wire,-,-,LEO,Scientific,Falcon9,Falcon 9,US,United States,Canaveral,,16060.0,2023-05-19,315.0,43.0,LLEO/I,Communications,B,Starlink,5.0
2023-075,2460091.69,2023-05-27,Falcon 9,FT5,228/B1062.14 F228,Badr 8,Arabsat 7B,-,-,CC,LC40,-,-,61220.0, ,    -, ,-,4.5,SPX,OS,-,C,Sat STO O,Wire,-,-,GTO,Scientific,Falcon9,Falcon 9,US,United States,Canaveral,,4500.0,2023-05-27,405.0,27.83,HEO,Communications,B,Commercial,8.0
2023-079,2460100.01,2023-06-04,Falcon 9,FT5,232/B1078.3  F230,Starlink-88,Starlink Group 6-4,V2M  6-4  (22 Ku),-,CC,LC40,-,-,322.0, ,    -, ,-,16.5,SPX,OS,-,C,Sat LEO D,Wire,-,-,LEO,Scientific,Falcon9,Falcon 9,US,United States,Canaveral,,16060.0,2023-06-05,315.0,43.01,LLEO/I,Communications,B,Starlink,8.0
2023-083,2460107.8,2023-06-12,Falcon 9,FT5,230/B1073.9  F232,Starlink-89,Starlink Group 5-11,V1.5 5-11 (52 Ku),-,CC,LC40,-,-,338.0, ,    -, ,-,15.88,SPX,OS,-,C,Sat LEO D,Wire,-,-,LEO,Scientific,Falcon9,Falcon 9,US,United States,Canaveral,,15860.0,2023-06-13,297.0,43.0,LLEO/I,Communications,B,Starlink,8.0
2023-086,2460114.43,2023-06-18,Falcon 9,FT5,235/B1067.12 F234,Satria,Satria,-,-,CC,LC40,-,-,62271.0, ,    -, ,-,4.6,SPX,OS,-,C,Sat STO O,Wire,-,-,GTO,Scientific,Falcon9,Falcon 9,US,United States,Canaveral,,4600.0,2023-08-21,10279.0,8.84,GEO/NS,Communications,B,Commercial,6.0
2023-090,2460119.15,2023-06-23,Falcon 9,FT5,234/B1069.8  F236,Starlink-91,Starlink Group 5-12,V1.5 5-12 (56 Ku),-,CC,LC40,-,-,339.0, ,    -, ,-,17.1,SPX,OS,-,C,Sat LEO D,Wire,-,-,LEO,Scientific,Falcon9,Falcon 9,US,United States,Canaveral,,17080.0,2023-06-23,297.0,43.0,LLEO/I,Communications,B,Starlink,5.0
2023-092,2460127.13,2023-07-01,Falcon 9,FT5,238/B1080.2  F237,Euclid,Euclid,-,-,CC,LC40,-,-,1274012.0, ,    -, ,-,1.921,SPX,DS,-,C/OG,Sat EEO E,Wire,-,-,BEO,Scientific,Falcon9,Falcon 9,US,United States,Canaveral,,1921.0,2023-07-01,181.0,36.87,CLO,Observation,C,Government,8.0
2023-096,2460135.67,2023-07-10,Falcon 9,FT5,240/B1058.16 F239,Starlink-93,Starlink Group 6-5,V2M  6-5  (22 Ku),-,CC,LC40,-,-,321.0, ,    -, ,-,16.5,SPX,OS,-,C,Sat LEO D,Wire,-,-,LEO,Scientific,Falcon9,Falcon 9,US,United States,Canaveral,,16060.0,2023-07-10,314.0,43.01,LLEO/I,Communications,B,Starlink,9.0
2023-099,2460141.66,2023-07-16,Falcon 9,FT5,237/B1060.16 F240,Starlink-94,Starlink Group 5-15,V1.5 5-15 (54 Ku),-,CC,LC40,-,-,338.0, ,    -, ,-,16.49,SPX,OS,-,C,Sat LEO D,Wire,-,-,LEO,Scientific,Falcon9,Falcon 9,US,United States,Canaveral,,16470.0,2023-07-16,297.0,43.01,LLEO/I,Communications,B,Starlink,6.0
2023-105,2460149.54,2023-07-24,Falcon 9,FT5,242/B1076.6  F242,Starlink-96,Starlink Group 6-6,V2M  6-6  (22 Ku),-,CC,LC40,-,-,302.0, ,    -, ,-,16.5,SPX,OS,-,C,Sat LEO D,Wire,-,-,LEO,Scientific,Falcon9,Falcon 9,US,United States,Canaveral,,16060.0,2023-07-24,293.0,43.0,LLEO/I,Communications,B,Starlink,8.0
2023-107,2460153.67,2023-07-28,Falcon 9,FT5,243/B1062.15 F243,Starlink-97,Starlink Group 6-7,V2M  6-7  (22 Ku),-,CC,LC40,-,-,321.0, ,    -, ,-,16.5,SPX,OS,-,C,Sat LEO D,Wire,-,-,LEO,Scientific,Falcon9,Falcon 9,US,United States,Canaveral,,16060.0,2023-07-28,314.0,43.01,LLEO/I,Communications,B,Starlink,4.0
2023-112,2460159.71,2023-08-03,Falcon 9,FT5,245/B1077.6  F244,Galaxy 37,Galaxy 37,-,-,CC,LC40,-,-,35798.0, ,    -, ,-,5.0,SPX,OS,-,C,Sat STO O,Wire,-,-,GTO,Scientific,Falcon9,Falcon 9,US,United States,Canaveral,,5000.0,2023-10-03,35773.0,0.05,GEO/S,Communications,B,Commercial,6.0
2023-113,2460163.61,2023-08-07,Falcon 9,FT5,244/B1078.4  F245,Starlink-98,Starlink Group 6-8,V2M  6-8  (22 Ku),-,CC,LC40,-,-,292.0, ,    -, ,-,16.5,SPX,OS,-,C,Sat LEO D,Wire,-,-,LEO,Scientific,Falcon9,Falcon 9,US,United States,Canaveral,,16060.0,2023-08-07,283.0,43.0,LLEO/I,Communications,B,Starlink,4.0
2023-119,2460167.72,2023-08-11,Falcon 9,FT5,246/B1069.9  F247,Starlink-100,Starlink Group 6-9,V2M  6-9  (22 Ku),-,CC,LC40,-,-,293.0, ,    -, ,-,16.5,SPX,OS,-,C,Sat LEO D,Wire,-,-,LEO,Scientific,Falcon9,Falcon 9,US,United States,Canaveral,,16060.0,2023-08-11,284.0,43.0,LLEO/I,Communications,B,Starlink,4.0
2023-122,2460173.65,2023-08-17,Falcon 9,FT5,248/B1067.13 F248,Starlink-101,Starlink Group 6-10,V2M  6-10 (22 Ku),-,CC,LC40,-,-,292.0, ,    -, ,-,16.5,SPX,OS,-,C,Sat LEO D,Wire,-,-,LEO,Scientific,Falcon9,Falcon 9,US,United States,Canaveral,,16060.0,2023-08-17,284.0,43.0,LLEO/I,Communications,B,Starlink,6.0
2023-129,2460183.55,2023-08-27,Falcon 9,FT5,251/B1080.3  F251,Starlink-103,Starlink Group 6-11,V2M  6-11 (22 Ku),-,CC,LC40,-,-,291.0, ,    -, ,-,16.5,SPX,OS,-,C,Sat LEO D,Wire,-,-,LEO,Scientific,Falcon9,Falcon 9,US,United States,Canaveral,,16060.0,2023-08-27,284.0,43.0,LLEO/I,Communications,B,Starlink,10.0
2023-131,2460188.6,2023-09-01,Falcon 9,FT5,252/B1077.7  F252,Starlink-104,Starlink Group 6-13,V2M  6-13 (22 Ku),-,CC,LC40,-,-,292.0, ,    -, ,-,16.5,SPX,OS,-,C,Sat LEO D,Wire,-,-,LEO,Scientific,Falcon9,Falcon 9,US,United States,Canaveral,,16060.0,2023-09-01,284.0,43.0,LLEO/I,Communications,B,Starlink,5.0
2023-138,2460196.63,2023-09-09,Falcon 9,FT5,255/B1076.7  F255,Starlink-106,Starlink Group 6-14,V2M  6-14 (22 Ku),-,CC,LC40,-,-,292.0, ,    -, ,-,16.5,SPX,OS,-,C,Sat LEO D,Wire,-,-,LEO,Scientific,Falcon9,Falcon 9,US,United States,Canaveral,,16060.0,2023-09-09,283.0,43.0,LLEO/I,Communications,B,Starlink,8.0
2023-144,2460203.65,2023-09-16,Falcon 9,FT5,257/B1078.5  F257,Starlink-108,Starlink Group 6-16,V2M  6-16 (22 Ku),-,CC,LC40,-,-,292.0, ,    -, ,-,16.5,SPX,OS,-,C,Sat LEO D,Wire,-,-,LEO,Scientific,Falcon9,Falcon 9,US,United States,Canaveral,,16060.0,2023-09-16,284.0,43.0,LLEO/I,Communications,B,Starlink,7.0
2023-146,2460207.65,2023-09-20,Falcon 9,FT5,258/B1058.17 F258,Starlink-109,Starlink Group 6-17,V2M  6-17 (22 Ku),-,CC,LC40,-,-,288.0, ,    -, ,-,16.5,SPX,OS,-,C,Sat LEO D,Wire,-,-,LEO,Scientific,Falcon9,Falcon 9,US,United States,Canaveral,,16060.0,2023-09-21,280.0,43.0,LLEO/I,Communications,B,Starlink,4.0
2023-147,2460211.65,2023-09-24,Falcon 9,FT5,259/B1060.17 F259,Starlink-110,Starlink Group 6-18,V2M  6-18 (22 Ku),-,CC,LC40,-,-,293.0, ,    -, ,-,16.5,SPX,OS,-,C,Sat LEO D,Wire,-,-,LEO,Scientific,Falcon9,Falcon 9,US,United States,Canaveral,,16060.0,2023-09-24,284.0,43.0,LLEO/I,Communications,B,Starlink,4.0
2023-151,2460217.58,2023-09-30,Falcon 9,FT5,261/B1069.10 F261,Starlink-112,Starlink Group 6-19,V2M  6-19 (22 Ku),-,CC,LC40,-,-,293.0, ,    -, ,-,16.5,SPX,OS,-,C,Sat LEO D,Wire,-,-,LEO,Scientific,Falcon9,Falcon 9,US,United States,Canaveral,,16060.0,2023-09-30,284.0,43.0,LLEO/I,Communications,B,Starlink,6.0
2023-153,2460222.73,2023-10-05,Falcon 9,FT5,262/B1076.8  F262,Starlink-113,Starlink Group 6-21,V2M  6-21 (22 Ku),-,CC,LC40,-,-,291.0, ,    -, ,-,16.5,SPX,OS,-,C,Sat LEO D,Wire,-,-,LEO,Scientific,Falcon9,Falcon 9,US,United States,Canaveral,,16060.0,2023-10-05,283.0,43.0,LLEO/I,Communications,B,Starlink,5.0
2023-158,2460231.46,2023-10-13,Falcon 9,FT5,264/B1067.14 F264,Starlink-115,Starlink Group 6-22,V2M  6-22 (22 Ku),-,CC,LC40,-,-,292.0, ,    -, ,-,16.5,SPX,OS,-,C,Sat LEO D,Wire,-,-,LEO,Scientific,Falcon9,Falcon 9,US,United States,Canaveral,,16060.0,2023-10-14,282.0,43.0,LLEO/I,Communications,B,Starlink,8.0
2023-160,2460235.53,2023-10-18,Falcon 9,FT5,265/B1062.16 F265,Starlink-116,Starlink Group 6-23,V2M  6-23 (22 Ku),-,CC,LC40,-,-,292.0, ,    -, ,-,16.5,SPX,OS,-,C,Sat LEO D,Wire,-,-,LEO,Scientific,Falcon9,Falcon 9,US,United States,Canaveral,,16060.0,2023-10-18,283.0,43.0,LLEO/I,Communications,B,Starlink,5.0
2023-162,2460239.6,2023-10-22,Falcon 9,FT5,267/B1080.4  F267,Starlink-118,Starlink Group 6-24,V2M  6-24 (23 Ku),-,CC,LC40,-,-,290.0, ,    -, ,-,17.25,SPX,OS,-,C,Sat LEO D,Wire,-,-,LEO,Scientific,Falcon9,Falcon 9,US,United States,Canaveral,,16790.0,2023-10-22,283.0,43.01,LLEO/I,Communications,B,Starlink,4.0
2023-167,2460248.47,2023-10-30,Falcon 9,FT5,269/B1077.8  F269,Starlink-120,Starlink Group 6-25,V2M  6-25 (23 Ku),-,CC,LC40,-,-,292.0, ,    -, ,-,17.25,SPX,OS,-,C,Sat LEO D,Wire,-,-,LEO,Scientific,Falcon9,Falcon 9,US,United States,Canaveral,,16790.0,2023-10-31,284.0,43.01,LLEO/I,Communications,B,Starlink,8.0
2023-170,2460252.53,2023-11-04,Falcon 9,FT5,271/B1058.18 F270,Starlink-121,Starlink Group 6-26,V2M  6-26 (23 Ku),-,CC,LC40,-,-,292.0, ,    -, ,-,17.25,SPX,OS,-,C,Sat LEO D,Wire,-,-,LEO,Scientific,Falcon9,Falcon 9,US,United States,Canaveral,,16790.0,2023-11-04,284.0,43.01,LLEO/I,Communications,B,Starlink,5.0
2023-171,2460256.71,2023-11-08,Falcon 9,FT5,273/B1073.11 F271,Starlink-122,Starlink Group 6-27,V2M  6-27 (23 Ku),-,CC,LC40,-,-,292.0, ,    -, ,-,17.25,SPX,OS,-,C,Sat LEO D,Wire,-,-,LEO,Scientific,Falcon9,Falcon 9,US,United States,Canaveral,,16790.0,2023-11-08,284.0,43.01,LLEO/I,Communications,B,Starlink,4.0
2023-175,2460261.38,2023-11-12,Falcon 9,FT5,274/B1076.9  F274,O3b mPOWER 5/6,O3b mPOWER 5/6,-,-,CC,LC40,-,-,8195.0, ,    -, ,-,3.4,SPX,OS,-,C,Sat MEO O,Wire,-,-,MEO,Scientific,Falcon9,Falcon 9,US,United States,Canaveral,,3400.0,2024-01-30,6036.0,2.35,MEO,Communications,B,Commercial,4.0
2023-177,2460266.71,2023-11-18,Falcon 9,FT5,275/B1069.11 F275,Starlink-123,Starlink Group 6-28,V2M  6-28 (23 Ku),-,CC,LC40,-,-,291.0, ,    -, ,-,17.25,SPX,OS,-,C,Sat LEO D,Wire,-,-,LEO,Scientific,Falcon9,Falcon 9,US,United States,Canaveral,,16790.0,2023-11-18,284.0,43.01,LLEO/I,Communications,B,Starlink,6.0
2023-180,2460270.82,2023-11-22,Falcon 9,FT5,277/B1067.15 F277,Starlink-125,Starlink Group 6-29,V2M  6-29 (23 Ku),-,CC,LC40,-,-,292.0, ,    -, ,-,17.25,SPX,OS,-,C,Sat LEO D,Wire,-,-,LEO,Scientific,Falcon9,Falcon 9,US,United States,Canaveral,,16790.0,2023-11-22,283.0,43.01,LLEO/I,Communications,B,Starlink,4.0
2023-183,2460276.68,2023-11-28,Falcon 9,FT5,278/B1062.17 F278,Starlink-126,Starlink Group 6-30,V2M  6-30 (23 Ku),-,CC,LC40,-,-,292.0, ,    -, ,-,17.25,SPX,OS,-,C,Sat LEO D,Wire,-,-,LEO,Scientific,Falcon9,Falcon 9,US,United States,Canaveral,,16790.0,2023-11-28,284.0,43.01,LLEO/I,Communications,B,Starlink,6.0
2023-186,2460281.67,2023-12-03,Falcon 9,FT5,280/B1078.6  F280,Starlink-127,Starlink Group 6-31,V2M  6-31 (23 Ku),-,CC,LC40,-,-,292.0, ,    -, ,-,17.25,SPX,OS,-,C,Sat LEO D,Wire,-,-,LEO,Scientific,Falcon9,Falcon 9,US,United States,Canaveral,,16790.0,2023-12-03,285.0,43.01,LLEO/I,Communications,B,Starlink,5.0
2023-191,2460285.71,2023-12-07,Falcon 9,FT5,281/B1077.9  F281,Starlink-128,Starlink Group 6-33,V2M  6-33 (23 Ku),-,CC,LC40,-,-,291.0, ,    -, ,-,17.25,SPX,OS,-,C,Sat LEO D,Wire,-,-,LEO,Scientific,Falcon9,Falcon 9,US,United States,Canaveral,,16790.0,2023-12-07,284.0,43.01,LLEO/I,Communications,B,Starlink,4.0
2023-200,2460297.67,2023-12-19,Falcon 9,FT5,283/B1081.3  F283,Starlink-130,Starlink Group 6-34,V2M  6-34 (23 Ku),-,CC,LC40,-,-,292.0, ,    -, ,-,17.25,SPX,OS,-,C,Sat LEO D,Wire,-,-,LEO,Scientific,Falcon9,Falcon 9,US,United States,Canaveral,,16790.0,2023-12-19,284.0,43.01,LLEO/I,Communications,B,Starlink,12.0
2023-203,2460301.73,2023-12-23,Falcon 9,FT5,286/B1058.19 F284,Starlink-131,Starlink Group 6-32,V2M  6-32 (23 Ku),-,CC,LC40,-,-,292.0, ,    -, ,-,17.25,SPX,OS,-,C,Sat LEO D,Wire,-,-,LEO,Scientific,Falcon9,Falcon 9,US,United States,Canaveral,,16790.0,2023-12-23,284.0,43.01,LLEO/I,Communications,B,Starlink,4.0
2023-211,2460307.67,2023-12-29,Falcon 9,FT5,288/B1069.12 F286,Starlink-132,Starlink Group 6-36,V2M  6-36 (23 Ku),-,CC,LC40,-,-,287.0, ,    -, ,-,17.25,SPX,OS,-,C,Sat LEO D,Wire,-,-,LEO,Scientific,Falcon9,Falcon 9,US,United States,Canaveral,,16790.0,2023-12-29,277.0,43.0,LLEO/I,Communications,B,Starlink,6.0
2024-003,2460313.46,2024-01-03,Falcon 9,FT5,285/B1076.10 F288,Ovzon-3,Ovzon-3,-,-,CC,LC40,-,-,53666.0, ,    -, ,-,1.8,SPX,OS,-,C,Sat STO O,Wire,-,-,GTO,Scientific,Falcon9,Falcon 9,US,United States,Canaveral,,1800.0,2024-04-10,20786.0,4.52,VHEO,Communications,B,Commercial,5.0
2024-005,2460317.44,2024-01-07,Falcon 9,FT5,290/B1067.16 F289,Starlink-134,Starlink Group 6-35,V2M  6-35 (23 Ku),-,CC,LC40,-,-,289.0, ,    -, ,-,17.25,SPX,OS,-,C,Sat LEO D,Wire,-,-,LEO,Scientific,Falcon9,Falcon 9,US,United States,Canaveral,,16790.0,2024-01-09,287.0,43.01,LLEO/I,Communications,B,Starlink,4.0
2024-012,2460324.58,2024-01-15,Falcon 9,FT5,291/B1073.12 F291,Starlink-136,Starlink Group 6-37,V2M  6-37 (23 Ku),-,CC,LC40,-,-,291.0, ,    -, ,-,17.25,SPX,OS,-,C,Sat LEO D,Wire,-,-,LEO,Scientific,Falcon9,Falcon 9,US,United States,Canaveral,,16790.0,2024-01-15,284.0,43.01,LLEO/I,Communications,B,Starlink,8.0
2024-021,2460340.21,2024-01-30,Falcon 9,FT5,296/B1077.10 F296,Cygnus NG-20,Cygnus NG-20,-,-,CC,LC40,-,-,251.0, ,    -, ,-,11.962,SPX,OS,-,CX,Sat ISS D,Wire,-,-,LEO,Scientific,Falcon9,Falcon 9,US,United States,Canaveral,,2474.0,2024-01-30,242.0,51.7,LLEO/I,Other,B,Government,15.0
2024-025,2460348.77,2024-02-08,Falcon 9,FT5,298/B1081.4  F297,PACE,PACE,-,-,CC,LC40,-,-,677.0, ,    -, ,-,1.7,SPX,OS,-,CX/G,Sat SSO D,Wire,-,-,SSO,Scientific,Falcon9,Falcon 9,US,United States,Canaveral,,1700.0,2024-02-08,673.0,98.07,LEO/S,EOSCI,C,Government,9.0
2024-028,2460355.44,2024-02-14,Falcon 9,FT5,303/B1078.7  F299,USSF-124,HBTSS/SDA-0C,-,-,CC,LC40,-,-,1002.0, ,    -, ,-,6.0,SPX,OS,-,CX/G,Sat LEO D,Wire,-,-,LEO,Scientific,Falcon9,Falcon 9,US,United States,Canaveral,,6000.0,2024-02-15,993.0,40.0,LEO/I,Observation,B,Government,6.0
2024-035,2460361.34,2024-02-20,Falcon 9,FT5,305/B1067.17 F302,Merah Putih 2,HTS 113BT,-,-,CC,LC40,-,-,35789.0, ,    -, ,-,4.0,SPX,OS,-,C,Sat STO O,Wire,-,-,GTO,Scientific,Falcon9,Falcon 9,US,United States,Canaveral,,4000.0,2024-03-22,35782.0,0.02,GEO/S,Communications,B,Commercial,6.0
2024-038,2460366.42,2024-02-25,Falcon 9,FT5,300/B1069.13 F304,Starlink-143,Starlink Group 6-39,V2M  6-39 (24 Ku),-,CC,LC40,-,-,277.0, ,    -, ,-,18.0,SPX,OS,-,C,Sat LEO D,Wire,-,-,LEO,Scientific,Falcon9,Falcon 9,US,United States,Canaveral,,17520.0,2024-02-27,274.0,43.01,LLEO/I,Communications,B,Starlink,5.0
2024-041,2460370.15,2024-02-29,Falcon 9,FT5,306/B1076.11 F305,Starlink-144,Starlink Group 6-40,V2M  6-40 (23 Ku),-,CC,LC40,-,-,292.0, ,    -, ,-,17.25,SPX,OS,-,C,Sat LEO D,Wire,-,-,LEO,Scientific,Falcon9,Falcon 9,US,United States,Canaveral,,16790.0,2024-02-29,284.0,43.01,LLEO/I,Communications,B,Starlink,4.0
2024-044,2460374.5,2024-03-04,Falcon 9,FT5,308/B1073.13 F308,Starlink-145,Starlink Group 6-41,V2M  6-41 (23 Ku),-,CC,LC40,-,-,292.0, ,    -, ,-,17.25,SPX,OS,-,C,Sat LEO D,Wire,-,-,LEO,Scientific,Falcon9,Falcon 9,US,United States,Canaveral,,16790.0,2024-03-05,284.0,43.01,LLEO/I,Communications,B,Starlink,4.0
2024-045,2460380.46,2024-03-10,Falcon 9,FT5,309/B1077.11 F309,Starlink-146,Starlink Group 6-43,V2M  6-43 (23 Ku),-,CC,LC40,-,-,292.0, ,    -, ,-,17.25,SPX,OS,-,C,Sat LEO D,Wire,-,-,LEO,Scientific,Falcon9,Falcon 9,US,United States,Canaveral,,16790.0,2024-03-11,284.0,43.01,LLEO/I,Communications,B,Starlink,6.0
2024-054,2460391.37,2024-03-21,Falcon 9,FT5,311/B1080.6  F313,Dragon CRS-30,Dragon C209.4,-,-,CC,LC40,-,-,211.0, ,    -, ,-,17.87,SPX,OS,-,CX,Sat ISS D,Wire,-,-,LEO,Scientific,Falcon9,Falcon 9,US,United States,Canaveral,,10050.0,2024-03-21,193.0,51.65,LLEO/I,Other,B,Government,11.0
2024-057,2460395.49,2024-03-25,Falcon 9,FT5,321/B1078.8  F315,Starlink-151,Starlink Group 6-46,V2M  6-46 (23 Ku),-,CC,LC40,-,-,293.0, ,    -, ,-,17.25,SPX,OS,-,C,Sat LEO D,Wire,-,-,LEO,Scientific,Falcon9,Falcon 9,US,United States,Canaveral,,16790.0,2024-03-26,284.0,43.01,LLEO/I,Communications,B,Starlink,4.0
2024-060,2460400.56,2024-03-31,Falcon 9,FT5,318/B1067.18 F317,Starlink-152,Starlink Group 6-45,V2M  6-45 (23 Ku),-,CC,LC40,-,-,292.0, ,    -, ,-,17.25,SPX,OS,-,C,Sat LEO D,Wire,-,-,LEO,Scientific,Falcon9,Falcon 9,US,United States,Canaveral,,16790.0,2024-03-31,285.0,43.01,LLEO/I,Communications,B,Starlink,6.0
2024-064,2460405.88,2024-04-05,Falcon 9,FT5,327/B1069.14 F319,Starlink-154,Starlink Group 6-47,V2M  6-47 (23 Ku),-,CC,LC40,-,-,292.0, ,    -, ,-,17.25,SPX,OS,-,C,Sat LEO D,Wire,-,-,LEO,Scientific,Falcon9,Falcon 9,US,United States,Canaveral,,16790.0,2024-04-05,285.0,43.01,LLEO/I,Communications,B,Starlink,5.0
2024-068,2460410.74,2024-04-10,Falcon 9,FT5,323/B1083.2  F322,Starlink-156,Starlink Group 6-48,V2M  6-48 (23 Ku),-,CC,LC40,-,-,292.0, ,    -, ,-,17.25,SPX,OS,-,C,Sat LEO D,Wire,-,-,LEO,Scientific,Falcon9,Falcon 9,US,United States,Canaveral,,16790.0,2024-04-10,285.0,43.01,LLEO/I,Communications,B,Starlink,5.0
2024-071,2460413.57,2024-04-13,Falcon 9,FT5,326/B1062.20 F324,Starlink-157,Starlink Group 6-49,V2M  6-49 (23 Ku),-,CC,LC40,-,-,291.0, ,    -, ,-,17.25,SPX,OS,-,C,Sat LEO D,Wire,-,-,LEO,Scientific,Falcon9,Falcon 9,US,United States,Canaveral,,16790.0,2024-04-13,283.0,43.01,LLEO/I,Communications,B,Starlink,3.0
2024-074,2460419.44,2024-04-18,Falcon 9,FT5,328/B1080.7  F326,Starlink-159,Starlink Group 6-52,V2M  6-52 (23 Ku),-,CC,LC40,-,-,292.0, ,    -, ,-,17.25,SPX,OS,-,C,Sat LEO D,Wire,-,-,LEO,Scientific,Falcon9,Falcon 9,US,United States,Canaveral,,16790.0,2024-04-19,284.0,43.01,LLEO/I,Communications,B,Starlink,5.0
2024-076,2460424.43,2024-04-23,Falcon 9,FT5,329/B1078.9  F327,Starlink-160,Starlink Group 6-53,V2M  6-53 (23 Ku),-,CC,LC40,-,-,292.0, ,    -, ,-,17.25,SPX,OS,-,C,Sat LEO D,Wire,-,-,LEO,Scientific,Falcon9,Falcon 9,US,United States,Canaveral,,16790.0,2024-04-24,284.0,43.01,LLEO/I,Communications,B,Starlink,5.0
2024-080,2460429.42,2024-04-28,Falcon 9,FT5,331/B1076.13 F329,Starlink-161,Starlink Group 6-54,V2M  6-54 (23 Ku),-,CC,LC40,-,-,293.0, ,    -, ,-,17.25,SPX,OS,-,C,Sat LEO D,Wire,-,-,LEO,Scientific,Falcon9,Falcon 9,US,United States,Canaveral,,16790.0,2024-04-29,285.0,43.01,LLEO/I,Communications,B,Starlink,5.0
2024-082,2460433.61,2024-05-03,Falcon 9,FT5,333/B1067.19 F331,Starlink-162,Starlink Group 6-55,V2M  6-55 (23 Ku),-,CC,LC40,-,-,292.0, ,    -, ,-,17.25,SPX,OS,-,C,Sat LEO D,Wire,-,-,LEO,Scientific,Falcon9,Falcon 9,US,United States,Canaveral,,16790.0,2024-05-03,284.0,43.01,LLEO/I,Communications,B,Starlink,5.0
2024-084,2460437.26,2024-05-06,Falcon 9,FT5,335/B1069.15 F332,Starlink-163,Starlink Group 6-57,V2M  6-57 (23 Ku),-,CC,LC40,-,-,292.0, ,    -, ,-,17.25,SPX,OS,-,C,Sat LEO D,Wire,-,-,LEO,Scientific,Falcon9,Falcon 9,US,United States,Canaveral,,16790.0,2024-05-07,284.0,43.01,LLEO/I,Communications,B,Starlink,3.0
2024-090,2460443.54,2024-05-13,Falcon 9,FT5,336/B1073.15 F335,Starlink-166,Starlink Group 6-58,V2M  6-58 (23 Ku),-,CC,LC40,-,-,293.0, ,    -, ,-,17.25,SPX,OS,-,C,Sat LEO D,Wire,-,-,LEO,Scientific,Falcon9,Falcon 9,US,United States,Canaveral,,16790.0,2024-05-13,285.0,43.01,LLEO/I,Communications,B,Starlink,7.0
2024-093,2460448.52,2024-05-18,Falcon 9,FT5,338/B1062.21 F337,Starlink-168,Starlink Group 6-59,V2M  6-59 (23 Ku),-,CC,LC40,-,-,292.0, ,    -, ,-,17.25,SPX,OS,-,C,Sat LEO D,Wire,-,-,LEO,Scientific,Falcon9,Falcon 9,US,United States,Canaveral,,16790.0,2024-05-18,283.0,43.01,LLEO/I,Communications,B,Starlink,5.0
2024-097,2460453.61,2024-05-23,Falcon 9,FT5,340/B1080.8  F339,Starlink-169,Starlink Group 6-62,V2M  6-62 (23 Ku),-,CC,LC40,-,-,292.0, ,    -, ,-,17.25,SPX,OS,-,C,Sat LEO D,Wire,-,-,LEO,Scientific,Falcon9,Falcon 9,US,United States,Canaveral,,16790.0,2024-05-23,285.0,43.01,LLEO/I,Communications,B,Starlink,5.0
2024-100,2460459.1,2024-05-28,Falcon 9,FT5,342/B1078.10 F341,Starlink-171,Starlink Group 6-60,V2M  6-60 (23 Ku),-,CC,LC40,-,-,283.0, ,    -, ,-,17.25,SPX,OS,-,C,Sat LEO D,Wire,-,-,LEO,Scientific,Falcon9,Falcon 9,US,United States,Canaveral,,16790.0,2024-05-28,277.0,43.01,LLEO/I,Communications,B,Starlink,5.0
2024-106,2460462.61,2024-06-01,Falcon 9,FT5,344/B1076.14 F343,Starlink-172,Starlink Group 6-64,V2M  6-64 (23 Ku),-,CC,LC40,-,-,281.0, ,    -, ,-,17.25,SPX,OS,-,C,Sat LEO D,Wire,-,-,LEO,Scientific,Falcon9,Falcon 9,US,United States,Canaveral,,16790.0,2024-06-01,274.0,43.01,LLEO/I,Communications,B,Starlink,4.0
2024-107,2460466.59,2024-06-05,Falcon 9,FT5,356/B1067.20 F344,Starlink-173,Starlink Group 8-5,"V2M  8-8  (13 DTC,7 Ku)",-,CC,LC40,-,-,286.0, ,    -, ,-,15.0,SPX,OS,-,C,Sat LEO D,Wire,-,-,LEO,Scientific,Falcon9,Falcon 9,US,United States,Canaveral,,17590.0,2024-06-05,273.0,53.15,LLEO/I,Communications,B,Starlink,4.0
2024-111,2460469.58,2024-06-08,Falcon 9,FT5,348/B1069.16 F345,Starlink-174,Starlink Group 10-1,V2M  10-1 (22 Ku),-,CC,LC40,-,-,279.0, ,    -, ,-,16.5,SPX,OS,-,C,Sat LEO D,Wire,-,-,LEO,Scientific,Falcon9,Falcon 9,US,United States,Canaveral,,16060.0,2024-06-08,265.0,53.15,LLEO/I,Communications,B,Starlink,3.0
2024-115,2460482.4,2024-06-20,Falcon 9,FT5,352/B1080.9  F348,Astra 1P,Astra 1P,-,-,CC,LC40,-,-,62437.0, ,    -, ,-,5.0,SPX,OS,-,C,Sat STO O,Wire,-,-,GTO,Scientific,Falcon9,Falcon 9,US,United States,Canaveral,,5000.0,2024-07-22,4045.0,18.52,HEO,Communications,B,Commercial,12.0
2024-117,2460485.22,2024-06-23,Falcon 9,FT5,350/B1078.11 F349,Starlink-177,Starlink Group 10-2,V2M  10-2 (22 Ku),-,CC,LC40,-,-,278.0, ,    -, ,-,16.5,SPX,OS,-,C,Sat LEO D,Wire,-,-,LEO,Scientific,Falcon9,Falcon 9,US,United States,Canaveral,,16060.0,2024-06-24,263.0,53.15,LLEO/I,Communications,B,Starlink,3.0
2024-120,2460488.97,2024-06-27,Falcon 9,FT5,354/B1062.22 F351,Starlink-179,Starlink Group 10-3,V2M  10-3 (23 Ku),-,CC,LC40,-,-,275.0, ,    -, ,-,17.25,SPX,OS,-,C,Sat LEO D,Wire,-,-,LEO,Scientific,Falcon9,Falcon 9,US,United States,Canaveral,,16790.0,2024-06-27,264.0,53.16,LLEO/I,Communications,B,Starlink,4.0
2024-124,2460494.87,2024-07-03,Falcon 9,FT5,365/B1073.16 F353,Starlink-180,Starlink Group 8-9,"V2M  8-9  (13 DTC,7 Ku)",-,CC,LC40,-,-,297.0, ,    -, ,-,15.0,SPX,OS,-,C,Sat LEO D,Wire,-,-,LEO,Scientific,Falcon9,Falcon 9,US,United States,Canaveral,,17590.0,2024-07-03,285.0,53.16,LLEO/I,Communications,B,Starlink,6.0
2024-127,2460500.48,2024-07-08,Falcon 9,FT5,346/B1076.15 F354,Turksat 6A,Turksat 6A,-,-,CC,LC40,-,-,69598.0, ,    -, ,-,4.25,SPX,OS,-,C,Sat STO O,Wire,-,-,GTO,Scientific,Falcon9,Falcon 9,US,United States,Canaveral,,4250.0,2024-07-09,383.0,24.1,GEO/NS,Communications,B,Commercial,5.0
2024-132,2460519.71,2024-07-28,Falcon 9,FT5,358/B1077.14 F357,Starlink-183,Starlink Group 10-4,V2M  10-4 (23 Ku),-,CC,LC40,-,-,281.0, ,    -, ,-,17.25,SPX,OS,-,C,Sat LEO D,Wire,-,-,LEO,Scientific,Falcon9,Falcon 9,US,United States,Canaveral,,16790.0,2024-07-28,271.0,53.16,LLEO/I,Communications,B,Starlink,20.0
2024-139,2460527.13,2024-08-04,Falcon 9,FT5,367/B1080.10 F361,Cygnus NG-21,Cygnus NG-21,-,-,CC,LC40,-,-,253.0, ,    -, ,-,12.0,SPX,OS,-,CX,Sat ISS D,Wire,-,-,LEO,Scientific,Falcon9,Falcon 9,US,United States,Canaveral,,2489.0,2024-08-04,238.0,51.65,LLEO/I,Other,B,Government,7.0
2024-141,2460533.03,2024-08-10,Falcon 9,FT5,366/B1067.21 F362,Starlink-187,Starlink Group 8-3,"V2M  8-3  (13 DTC,8 Ku)",-,CC,LC40,-,-,297.0, ,    -, ,-,15.5,SPX,OS,-,C,Sat LEO D,Wire,-,-,LEO,Scientific,Falcon9,Falcon 9,US,United States,Canaveral,,18320.0,2024-08-10,284.0,53.16,LLEO/I,Communications,B,Starlink,6.0
2024-146,2460538.04,2024-08-15,Falcon 9,FT5,368/B1076.16 F365,WV Legion 3/4,Maxar-2,-,-,CC,LC40,-,-,453.0, ,    -, ,-,1.4,SPX,OS,-,C,Sat LEO D,Wire,-,-,LEO,Scientific,Falcon9,Falcon 9,US,United States,Canaveral,,1400.0,2024-08-16,446.0,44.99,LLEO/I,Observation,B,Commercial,5.0
2024-150,2460543.06,2024-08-20,Falcon 9,FT5,359/B1085.1  F367,Starlink-189,Starlink Group 10-5,V2M  10-5 (22 Ku),-,CC,LC40,-,-,298.0, ,    -, ,-,16.0,SPX,OS,-,C,Sat LEO D,Wire,-,-,LEO,Scientific,Falcon9,Falcon 9,US,United States,Canaveral,,16060.0,2024-08-20,284.0,53.16,LLEO/I,Communications,B,Starlink,5.0
2024-152,2460550.83,2024-08-28,Falcon 9,FT5,371/B1062.23 F368,Starlink-190,Starlink Group 8-6,"V2M  8-6  (13 DTC,8 Ku)",-,CC,LC40,-,-,296.0, ,    -, ,-,16.0,SPX,OS,-,C,Sat LEO D,Wire,-,-,LEO,Scientific,Falcon9,Falcon 9,US,United States,Canaveral,,18320.0,2024-08-29,279.0,53.16,LLEO/I,Communications,B,Starlink,8.0
2024-154,2460553.82,2024-08-31,Falcon 9,FT5,372/B1069.18 F369,Starlink-191,Starlink Group 8-10,"V2M  8-10 (13 DTC,8 Ku)",-,CC,LC40,-,-,300.0, ,    -, ,-,16.0,SPX,OS,-,C,Sat LEO D,Wire,-,-,LEO,Scientific,Falcon9,Falcon 9,US,United States,Canaveral,,18320.0,2024-08-31,288.0,53.16,LLEO/I,Communications,B,Starlink,3.0
2024-158,2460559.15,2024-09-05,Falcon 9,FT5,374/B1077.15 F371,Starlink-193,Starlink Group 8-11,"V2M  8-11 (13 DTC,8 Ku)",-,CC,LC40,-,-,302.0, ,    -, ,-,16.0,SPX,OS,-,C,Sat LEO D,Wire,-,-,LEO,Scientific,Falcon9,Falcon 9,US,United States,Canaveral,,18320.0,2024-09-05,288.0,53.16,LLEO/I,Communications,B,Starlink,5.0
2024-163,2460565.87,2024-09-12,Falcon 9,FT5,377/B1078.13 F374,BlueBird 1-1,BlueBird 1-1,-,-,CC,LC40,-,-,523.0, ,    -, ,-,7.5,SPX,OS,-,C,Sat LEO D,Wire,-,-,LEO,Scientific,Falcon9,Falcon 9,US,United States,Canaveral,,7500.0,2024-09-12,506.0,52.98,LLEO/I,Communications,B,Commercial,7.0
2024-167,2460571.45,2024-09-17,Falcon 9,FT5,376/B1067.22 F376,Galileo FM26/FM32,Galileo L13,-,-,CC,LC40,-,-,23228.0, ,    -, ,-,1.466,SPX,OS,-,C,Sat MEO O,Wire,-,-,MEO,Scientific,Falcon9,Falcon 9,US,United States,Canaveral,,1466.0,2024-12-12,23215.0,55.38,MEO,Communications,C,Commercial,5.0
2024-178,2460582.22,2024-09-28,Falcon 9,FT5,379/B1085.2  F379,Dragon Crew-9,Dragon C212.4,-,-,CC,LC40,-,-,206.0, ,    -, ,-,13.055,SPX,OS,-,CX,Sat ISS D,Wire,-,-,LEO,Scientific,Falcon9,Falcon 9,US,United States,Canaveral,,10890.0,2024-09-28,189.0,51.62,LLEO/I,Other,B,Government,11.0
2024-180,2460591.12,2024-10-07,Falcon 9,FT5,385/B1061.23 F380,Hera,Hera,-,-,CC,LC40,-,-,-36368.0, ,    -, ,-,1.2,SPX,DS,-,C/OG,Sat EEO E,SpaceX,-,-,BEO,Scientific,Falcon9,Falcon 9,US,United States,Canaveral,,1081.0,2024-10-07,190.0,34.2,EEO,Other,C,Government,9.0
2024-183,2460598.76,2024-10-15,Falcon 9,FT5,381/B1080.11 F381,Starlink-197,Starlink Group 10-10,V2M  10-10 (23 Ku),-,CC,LC40,-,-,291.0, ,    -, ,-,17.5,SPX,OS,-,C,Sat LEO D,Wire,-,-,LEO,Scientific,Falcon9,Falcon 9,US,United States,Canaveral,,16790.0,2024-10-15,280.0,53.16,LLEO/I,Communications,B,Starlink,8.0
2024-187,2460602.48,2024-10-18,Falcon 9,FT5,388/B1076.17 F383,Starlink-199,Starlink Group 8-19,"V2M  8-19 (13 DTC,7 Ku)",-,CC,LC40,-,-,295.0, ,    -, ,-,17.5,SPX,OS,-,C,Sat LEO D,Wire,-,-,LEO,Scientific,Falcon9,Falcon 9,US,United States,Canaveral,,17590.0,2024-10-19,285.0,53.16,LLEO/I,Communications,B,Starlink,3.0
2024-191,2460607.41,2024-10-23,Falcon 9,FT5,383/B1073.18 F385,Starlink-200,Starlink Group 6-61,V2M  6-61 (23 Ku),-,CC,LC40,-,-,291.0, ,    -, ,-,17.5,SPX,OS,-,C,Sat LEO D,Wire,-,-,LEO,Scientific,Falcon9,Falcon 9,US,United States,Canaveral,,16790.0,2024-10-24,283.0,43.01,LLEO/I,Communications,B,Starlink,5.0
2024-193,2460610.41,2024-10-26,Falcon 9,FT5,391/B1069.19 F387,Starlink-201,Starlink Group 10-8,V2M  10-8 (22 Ku),-,CC,LC40,-,-,302.0, ,    -, ,-,17.5,SPX,OS,-,C,Sat LEO D,Wire,-,-,LEO,Scientific,Falcon9,Falcon 9,US,United States,Canaveral,,16060.0,2024-10-27,290.0,53.16,LLEO/I,Communications,B,Starlink,3.0
2024-196,2460614.38,2024-10-30,Falcon 9,FT5,393/B1078.14 F389,Starlink-203,Starlink Group 10-13,V2M  10-13 (23 Ku),-,CC,LC40,-,-,279.0, ,    -, ,-,17.5,SPX,OS,-,C,Sat LEO D,Wire,-,-,LEO,Scientific,Falcon9,Falcon 9,US,United States,Canaveral,,16790.0,2024-10-31,269.0,53.16,LLEO/I,Communications,B,Starlink,4.0
2024-202,2460622.35,2024-11-07,Falcon 9,FT5,395/B1085.3  F391,Starlink-204,Starlink Group 6-77,V2M  6-77 (23 Ku),-,CC,LC40,-,-,291.0, ,    -, ,-,17.5,SPX,OS,-,C,Sat LEO D,Wire,-,-,LEO,Scientific,Falcon9,Falcon 9,US,United States,Canaveral,,16790.0,2024-11-08,283.0,43.01,LLEO/I,Communications,B,Starlink,8.0
2024-207,2460626.39,2024-11-11,Falcon 9,FT5,397/B1080.12 F394,Starlink-206,Starlink Group 6-69,V2M  6-69 (24 Ku),-,CC,LC40,-,-,289.0, ,    -, ,-,17.5,SPX,OS,-,C,Sat LEO D,Wire,-,-,LEO,Scientific,Falcon9,Falcon 9,US,United States,Canaveral,,17520.0,2024-11-12,282.0,43.01,LLEO/I,Communications,B,Starlink,4.0
2024-210,2460629.06,2024-11-14,Falcon 9,FT5,399/B1076.18 F396,Starlink-208,Starlink Group 6-68,V2M  6-68 (24 Ku),-,CC,LC40,-,-,285.0, ,    -, ,-,17.5,SPX,OS,-,C,Sat LEO D,Wire,-,-,LEO,Scientific,Falcon9,Falcon 9,US,United States,Canaveral,,17520.0,2024-11-15,277.0,43.01,LLEO/I,Communications,B,Starlink,3.0
2024-214,2460633.27,2024-11-18,Falcon 9,FT5,402/B1073.19 F399,GSAT-20,GSAT-20,-,-,CC,LC40,-,-,35796.0, ,    -, ,-,4.7,SPX,OS,-,C/OG,Sat STO O,Wire,-,-,GTO,Scientific,Falcon9,Falcon 9,US,United States,Canaveral,,4700.0,2025-01-18,35774.0,0.05,GEO/S,Communications,C,Government,4.0
2024-216,2460636.17,2024-11-21,Falcon 9,FT5,387/B1069.20 F400,Starlink-210,Starlink Group 6-66,V2M  6-66 (24 Ku),-,CC,LC40,-,-,294.0, ,    -, ,-,17.5,SPX,OS,-,C,Sat LEO D,Wire,-,-,LEO,Scientific,Falcon9,Falcon 9,US,United States,Canaveral,,17520.0,2024-11-21,287.0,43.01,LLEO/I,Communications,B,Starlink,3.0
2024-220,2460639.92,2024-11-25,Falcon 9,FT5,404/B1080.13 F402,Starlink-212,Starlink Group 12-1,"V2MO 12-1 (12 DTC,11 Ku)",-,CC,LC40,-,-,331.0, ,    -, ,-,14.6,SPX,OS,-,C,Sat LEO D,Wire,-,-,LEO,Scientific,Falcon9,Falcon 9,US,United States,Canaveral,,17350.0,2024-11-25,320.0,43.01,LLEO/I,Communications,B,Starlink,4.0
2024-224,2460644.71,2024-11-30,Falcon 9,FT5,315/B1083.6  F404,Starlink-214,Starlink Group 6-65,V2M  6-65 (24 Ku),-,CC,LC40,-,-,290.0, ,    -, ,-,17.5,SPX,OS,-,C,Sat LEO D,Wire,-,-,LEO,Scientific,Falcon9,Falcon 9,US,United States,Canaveral,,17520.0,2024-11-30,283.0,43.01,LLEO/I,Communications,B,Starlink,5.0
2024-229,2460648.93,2024-12-04,Falcon 9,FT5,408/B1067.24 F406,Starlink-216,Starlink Group 6-70,V2M  6-70 (24 Ku),-,CC,LC40,-,-,284.0, ,    -, ,-,17.5,SPX,OS,-,C,Sat LEO D,Wire,-,-,LEO,Scientific,Falcon9,Falcon 9,US,United States,Canaveral,,17520.0,2024-12-04,278.0,43.01,LLEO/I,Communications,B,Starlink,4.0
2024-237,2460652.72,2024-12-08,Falcon 9,FT5,410/B1086.2  F409,Starlink-218,Starlink Group 12-5,"V2MO 12-5 (13 DTC,10 Ku)",-,CC,LC40,-,-,293.0, ,    -, ,-,14.8,SPX,OS,-,C,Sat LEO D,Wire,-,-,LEO,Scientific,Falcon9,Falcon 9,US,United States,Canaveral,,17780.0,2024-12-08,285.0,43.01,LLEO/I,Communications,B,Starlink,4.0
2024-242,2460661.54,2024-12-17,Falcon 9,FT5,412/B1085.4  F411,GPS III SV07,RRT-1,-,-,CC,LC40,-,-,20195.0, ,    -, ,-,4.0,SPX,OS,-,CX/G,Sat GTO O,Wire,-,-,GTO,Scientific,Falcon9,Falcon 9,US,United States,Canaveral,,4352.0,2025-02-15,20170.0,54.99,MEO,Communications,D,Military,9.0
2024-252,2460673.71,2024-12-29,Falcon 9,FT5,414/B1083.7  F417,Astranis,Astranis,-,-,CC,LC40,-,-,64610.0, ,    -, ,-,1.6,SPX,OS,-,C,Sat STO O,Wire,-,-,GTO,Scientific,Falcon9,Falcon 9,US,United States,Canaveral,,1600.0,2025-01-08,352.0,12.31,HEO,Communications,B,Commercial,12.0
2025-001,2460679.56,2025-01-04,Falcon 9,FT5,415/B1073.20 F419,Thuraya-4-NGS,Thuraya 4-NGS,-,-,CC,LC40,-,-,60588.0, ,    -, ,-,5.0,SPX,OS,-,C,Sat GTO O,Wire,-,-,GTO,Scientific,Falcon9,Falcon 9,US,United States,Canaveral,,5000.0,2025-02-05,4651.0,14.64,HEO,Communications,B,Commercial,6.0
2025-003,2460682.36,2025-01-06,Falcon 9,FT5,421/B1077.17 F420,Starlink-223,Starlink Group 6-71,V2M  6-71 (24 Ku),-,CC,LC40,-,-,279.0, ,    -, ,-,17.5,SPX,OS,-,C,Sat LEO D,Wire,-,-,LEO,Scientific,Falcon9,Falcon 9,US,United States,Canaveral,,17520.0,2025-01-07,273.0,43.01,LLEO/I,Communications,B,Starlink,2.0
2025-006,2460686.3,2025-01-10,Falcon 9,FT5,424/B1067.25 F423,Starlink-225,Starlink Group 12-12,"V2M  12-12 (13 DTC,8 Ku)",-,CC,LC40,-,-,291.0, ,    -, ,-,17.5,SPX,OS,-,C,Sat LEO D,Wire,-,-,LEO,Scientific,Falcon9,Falcon 9,US,United States,Canaveral,,18320.0,2025-01-11,283.0,43.01,LLEO/I,Communications,B,Starlink,4.0
2025-008,2460689.2,2025-01-13,Falcon 9,FT5,425/B1080.15 F424,Starlink-226,Starlink Group 12-4,"V2M  12-4  (13 DTC,8 Ku)",-,CC,LC40,-,-,291.0, ,    -, ,-,17.5,SPX,OS,-,C,Sat LEO D,Wire,-,-,LEO,Scientific,Falcon9,Falcon 9,US,United States,Canaveral,,18320.0,2025-01-16,288.0,43.01,LLEO/I,Communications,B,Starlink,3.0
2025-019,2460703.42,2025-01-27,Falcon 9,FT5,433/B1076.20 F430,Starlink-230,Starlink Group 12-7,"V2M  12-7  (13 DTC,8 Ku)",-,CC,LC40,-,-,292.0, ,    -, ,-,17.5,SPX,OS,-,C,Sat LEO D,Wire,-,-,LEO,Scientific,Falcon9,Falcon 9,US,United States,Canaveral,,18320.0,2025-01-28,285.0,43.0,LLEO/I,Communications,B,Starlink,14.0
2025-024,2460710.93,2025-02-04,Falcon 9,FT5,437/B1069.21 F433,Starlink-232,Starlink Group 12-3,"V2M  12-3  (13 DTC,8 Ku)",-,CC,LC40,-,-,292.0, ,    -, ,-,17.5,SPX,OS,-,C,Sat LEO D,Wire,-,-,LEO,Scientific,Falcon9,Falcon 9,US,United States,Canaveral,,18320.0,2025-02-07,291.0,43.0,LLEO/I,Communications,B,Starlink,8.0
2025-027,2460715.3,2025-02-08,Falcon 9,FT5,438/B1078.17 F435,Starlink-233,Starlink Group 12-9,"V2M  12-3  (13 DTC,8 Ku)",-,CC,LC40,-,-,291.0, ,    -, ,-,17.5,SPX,OS,-,C,Sat LEO D,Wire,-,-,LEO,Scientific,Falcon9,Falcon 9,US,United States,Canaveral,,18320.0,2025-02-09,284.0,43.01,LLEO/I,Communications,B,Starlink,4.0
2025-031,2460718.29,2025-02-11,Falcon 9,FT5,440/B1077.18 F437,Starlink-235,Starlink Group 12-18,"V2M  12-18 (13 DTC,8 Ku)",-,CC,LC40,-,-,292.0, ,    -, ,-,17.5,SPX,OS,-,C,Sat LEO D,Wire,-,-,LEO,Scientific,Falcon9,Falcon 9,US,United States,Canaveral,,18320.0,2025-02-12,285.0,43.01,LLEO/I,Communications,B,Starlink,3.0
2025-032,2460721.76,2025-02-15,Falcon 9,FT5,441/B1067.26 F438,Starlink-236,Starlink Group 12-8,"V2M  12-8  (13 DTC,8 Ku)",-,CC,LC40,-,-,291.0, ,    -, ,-,17.5,SPX,OS,-,C,Sat LEO D,Wire,-,-,LEO,Scientific,Falcon9,Falcon 9,US,United States,Canaveral,,18320.0,2025-02-15,286.0,43.01,LLEO/I,Communications,B,Starlink,4.0
2025-034,2460725.47,2025-02-18,Falcon 9,FT5,432/B1080.16 F439,Starlink-237,Starlink Group 10-12,V2M  10-12 (23 Ku),-,CC,LC40,-,-,284.0, ,    -, ,-,17.5,SPX,OS,-,C,Sat LEO D,Wire,-,-,LEO,Scientific,Falcon9,Falcon 9,US,United States,Canaveral,,16790.0,2025-02-19,274.0,53.17,LLEO/I,Communications,B,Starlink,3.0
2025-035,2460728.14,2025-02-21,Falcon 9,FT5,445/B1076.21 F440,Starlink-238,Starlink Group 12-14,"V2MO 12-14(13 DTC,10 Ku)",-,CC,LC40,-,-,279.0, ,    -, ,-,17.5,SPX,OS,-,C,Sat LEO D,Wire,-,-,LEO,Scientific,Falcon9,Falcon 9,US,United States,Canaveral,,18230.0,2025-02-22,272.0,43.0,LLEO/I,Communications,B,Starlink,3.0
2025-039,2460733.65,2025-02-27,Falcon 9,FT5,446/B1092.1? F443,Starlink-240,Starlink Group 12-13,"V2M  12-13(13 DTC, 8 Ku)",-,CC,LC40,-,-,292.0, ,    -, ,-,17.5,SPX,OS,-,C,Sat LEO D,Wire,-,-,LEO,Scientific,Falcon9,Falcon 9,US,United States,Canaveral,,18320.0,2025-02-27,283.0,43.01,LLEO/I,Communications,B,Starlink,6.0
2025-043,2460737.6,2025-03-03,Falcon 9,FT5,447/B1086.5  F444,Starlink-241,Starlink Group 12-20,"V2M  12-20(13 DTC, 8 Ku)",-,CC,LC40,-,-,292.0, ,    -, ,-,17.5,SPX,OS,-,C,Sat LEO D,Wire,-,-,LEO,Scientific,Falcon9,Falcon 9,US,United States,Canaveral,,18320.0,2025-03-03,285.0,43.01,LLEO/I,Communications,B,Starlink,4.0
2025-048,2460747.61,2025-03-13,Falcon 9,FT5,xxx/B1069.22 F446,Starlink-242,Starlink Group 12-21,"V2M  12-21(13 DTC, 8 Ku)",-,CC,LC40,-,-,289.0, ,    -, ,-,17.5,SPX,OS,-,C,Sat LEO D,Wire,-,-,LEO,Scientific,Falcon9,Falcon 9,US,United States,Canaveral,,18320.0,2025-03-14,282.0,43.01,LLEO/I,Communications,B,Starlink,10.0
2025-053,2460749.98,2025-03-15,Falcon 9,FT5,xxx/B1078.18 F449,Starlink-243,Starlink Group 12-16,"V2MO 12-16(13 DTC,10 Ku)",-,CC,LC40,-,-,292.0, ,    -, ,-,17.5,SPX,OS,-,C,Sat LEO D,nasaspaceflight.com,-,-,LEO,Scientific,Falcon9,Falcon 9,US,United States,Canaveral,,18230.0,2025-03-15,284.0,43.0,LLEO/I,Communications,B,Starlink,2.0
2025-057,2460753.33,2025-03-18,Falcon 9,FT5,xxx/B1077.19 F450,Starlink-244,Starlink Group 12-25,"V2MO 12-25(13 DTC,10 Ku)",-,CC,LC40,-,-,292.0, ,    -, ,-,17.5,SPX,OS,-,C,Sat LEO D,nasaspaceflight.com,-,-,LEO,Scientific,Falcon9,Falcon 9,US,United States,Canaveral,,18230.0,2025-03-19,283.0,43.01,LLEO/I,Communications,B,Starlink,3.0
2025-060,2460759.24,2025-03-24,Falcon 9,FT5,xxx/B1092.2  F452,NROL-69,INTRUDER?,-,-,CC,LC40,-,-,1306.0, ,    -, ,-,2.0,SPX,OS,-,CX/G,Sat LEO D,nasaspaceflight.com,-,-,LEO,Scientific,Falcon9,Falcon 9,US,United States,Canaveral,,1000.0,2025-03-26,908.0,64.07,LEO/I,SIG*,D,Military,6.0
2025-065,2460766.33,2025-03-31,Falcon 9,FT5,xxx/B1080.17 F454,Starlink-246,Starlink Group 6-80,V2MO 6-80  (28 Ku),-,CC,LC40,-,-,285.0, ,    -, ,-,16.5,SPX,OS,-,C,Sat LEO D,nasaspaceflight.com,-,-,LEO,Scientific,Falcon9,Falcon 9,US,United States,Canaveral,,16100.0,2025-04-01,275.0,43.0,LLEO/I,Communications,B,Starlink,7.0
2025-070,2460771.63,2025-04-06,Falcon 9,FT5,xxx/B1078.19 F457,Starlink-248,Starlink Group 6-72,V2MO 6-72  (28 Ku),-,CC,LC40,-,-,290.0, ,    -, ,-,16.5,SPX,OS,-,C,Sat LEO D,nasaspaceflight.com,-,-,LEO,Scientific,Falcon9,Falcon 9,US,United States,Canaveral,,16100.0,2025-04-06,280.0,43.0,LLEO/I,Communications,B,Starlink,6.0
2025-076,2460779.67,2025-04-14,Falcon 9,FT5,xxx/B1067.27 F461,Starlink-251,Starlink Group 6-73,V2MO 6-73  (27 Ku),-,CC,LC40,-,-,286.0, ,    -, ,-,16.5,SPX,OS,-,C,Sat LEO D,nasaspaceflight.com,-,-,LEO,Scientific,Falcon9,Falcon 9,US,United States,Canaveral,,15835.0,2025-04-14,277.0,43.0,LLEO/I,Communications,B,Starlink,8.0
2025-081,2460787.53,2025-04-22,Falcon 9,FT5,xxx/B1090.3  F464,Bandwagon-3,Bandwagon-3,-,-,CC,LC40,-,-,607.0, ,    -, ,-,1.56,SPX,OS,-,C/OG,Sat LEO D,SpaceX,-,-,LEO,Scientific,Falcon9,Falcon 9,US,United States,Canaveral,,812.0,2025-04-22,567.0,45.41,LLEO/I,IMG-R,D,Military,8.0
2025-083,2460790.58,2025-04-25,Falcon 9,FT5,xxx/B1069.23 F465,Starlink-252,Starlink Group 6-74,V2MO 6-74  (28 Ku),-,CC,LC40,-,-,272.0, ,    -, ,-,16.5,SPX,OS,-,C,Sat LEO D,nasaspaceflight.com,-,-,LEO,Scientific,Falcon9,Falcon 9,US,United States,Canaveral,,16100.0,2025-04-27,270.0,43.0,LLEO/I,Communications,B,Starlink,3.0
2025-085,2460793.59,2025-04-28,Falcon 9,FT5,xxx/B1077.20 F466,Starlink-253,Starlink Group 12-23,"V2MO 12-23(13 DTC,10 Ku)",-,CC,LC40,-,-,292.0, ,    -, ,-,16.5,SPX,OS,-,C,Sat LEO D,nasaspaceflight.com,-,-,LEO,Scientific,Falcon9,Falcon 9,US,United States,Canaveral,,18230.0,2025-04-28,283.0,43.01,LLEO/I,Communications,B,Starlink,3.0
2025-091,2460797.58,2025-05-02,Falcon 9,FT5,xxx/B1080.18 F469,Starlink-256,Starlink Group 6-75,V2MO 6-75  (28 Ku),-,CC,LC40,-,-,283.0, ,    -, ,-,16.5,SPX,OS,-,C,Sat LEO D,nasaspaceflight.com,-,-,LEO,Scientific,Falcon9,Falcon 9,US,United States,Canaveral,,16100.0,2025-05-02,275.0,43.0,LLEO/I,Communications,B,Starlink,4.0
2025-093,2460802.55,2025-05-07,Falcon 9,FT5,xxx/B1085.7  F471,Starlink-258,Starlink Group 6-93,V2MO 6-93  (28 Ku),-,CC,LC40,-,-,283.0, ,    -, ,-,16.5,SPX,OS,-,C,Sat LEO D,nasaspaceflight.com,-,-,LEO,Scientific,Falcon9,Falcon 9,US,United States,Canaveral,,16100.0,2025-05-07,275.0,43.0,LLEO/I,Communications,B,Starlink,5.0
2025-095,2460805.77,2025-05-10,Falcon 9,FT5,xxx/B1083.11 F473,Starlink-260,Starlink Group 6-91,V2MO 6-91  (28 Ku),-,CC,LC40,-,-,278.0, ,    -, ,-,16.5,SPX,OS,-,C,Sat LEO D,nasaspaceflight.com,-,-,LEO,Scientific,Falcon9,Falcon 9,US,United States,Canaveral,,16100.0,2025-05-10,269.0,43.0,LLEO/I,Communications,B,Starlink,3.0
2025-101,2460810.19,2025-05-14,Falcon 9,FT5,xxx/B1090.4  F476,Starlink-263,Starlink Group 6-67,V2MO 6-67  (28 Ku),-,CC,LC40,-,-,278.0, ,    -, ,-,16.5,SPX,OS,-,C,Sat LEO D,nasaspaceflight.com,-,-,LEO,Scientific,Falcon9,Falcon 9,US,United States,Canaveral,,16100.0,2025-05-15,268.0,43.0,LLEO/I,Communications,B,Starlink,4.0
2025-107,2460816.64,2025-05-21,Falcon 9,FT5,xxx/B1095.1  F478,Starlink-265,Starlink Group 12-15,"V2MO 12-15(13 DTC,10 Ku)",-,CC,LC40,-,-,292.0, ,    -, ,-,16.5,SPX,OS,-,C,Sat LEO D,nasaspaceflight.com,-,-,LEO,Scientific,Falcon9,Falcon 9,US,United States,Canaveral,,18230.0,2025-05-21,284.0,43.01,LLEO/I,Communications,B,Starlink,7.0
2025-111,2460820.22,2025-05-24,Falcon 9,FT5,xxx/B1069.24 F480,Starlink-267,Starlink Group 12-22,"V2MO 12-22(13 DTC,10 Ku)",-,CC,LC40,-,-,290.0, ,    -, ,-,16.5,SPX,OS,-,C,Sat LEO D,nasaspaceflight.com,-,-,LEO,Scientific,Falcon9,Falcon 9,US,United States,Canaveral,,18230.0,2025-05-27,288.0,43.01,LLEO/I,Communications,B,Starlink,3.0
2025-116,2460826.23,2025-05-30,Falcon 9,FT5,xxx/B1092.4  F483,GPS III SV08,GPS III SV08,RRT-2,-,CC,LC40,-,-,20185.0, ,    -, ,-,4.0,SPX,OS,-,CX/G,Sat GTO D,Wire,-,-,GTO,Scientific,Falcon9,Falcon 9,US,United States,Canaveral,,4352.0,2025-07-29,20178.0,55.0,MEO,Communications,D,Military,6.0
2025-119,2460829.7,2025-06-03,Falcon 9,FT5,xxx/B1077.21 F485,Starlink-271,Starlink Group 12-19,V2MO 12-19,-,CC,LC40,-,-,292.0, ,    -, ,-,16.5,SPX,OS,-,C,Sat LEO D,nasaspaceflight.com,-,-,LEO,Scientific,Falcon9,Falcon 9,US,United States,Canaveral,,18230.0,2025-06-03,284.0,43.01,LLEO/I,Communications,B,Starlink,4.0
2025-122,2460833.7,2025-06-07,Falcon 9,FT5,xxx/B1085.8  F487,SXM-10,SXM-10,-,-,CC,LC40,-,-,35800.0, ,    -, ,-,6.4,SPX,OS,-,C,Sat GTO D,nasaspaceflight.com,-,-,GTO,Scientific,Falcon9,Falcon 9,US,United States,Canaveral,,6400.0,2025-08-06,35774.0,0.02,GEO/S,Communications,B,Commercial,4.0
2025-124,2460837.05,2025-06-10,Falcon 9,FT5,xxx/B1083.12 F489,Starlink-274,Starlink Group 12-24,V2MO 12-24,-,CC,LC40,-,-,289.0, ,    -, ,-,16.5,SPX,OS,-,C,Sat LEO D,nasaspaceflight.com,-,-,LEO,Scientific,Falcon9,Falcon 9,US,United States,Canaveral,,18230.0,2025-06-12,285.0,43.0,LLEO/I,Communications,B,Starlink,3.0
2025-127,2460840.15,2025-06-13,Falcon 9,FT5,xxx/B1078.21 F491,Starlink-276,Starlink Group 12-26,V2MO 12-26,-,CC,LC40,-,-,290.0, ,    -, ,-,16.5,SPX,OS,-,C,Sat LEO D,nasaspaceflight.com,-,-,LEO,Scientific,Falcon9,Falcon 9,US,United States,Canaveral,,18230.0,2025-06-15,282.0,43.0,LLEO/I,Communications,B,Starlink,3.0
2025-130,2460844.75,2025-06-18,Falcon 9,FT5,xxx/B1090.5  F493,Starlink-278,Starlink Group 10-18,V2MO 10-18,-,CC,LC40,-,-,274.0, ,    -, ,-,16.5,SPX,OS,-,C,Sat LEO D,nasaspaceflight.com,-,-,LEO,Scientific,Falcon9,Falcon 9,US,United States,Canaveral,,16100.0,2025-06-19,264.0,53.16,LLEO/I,Communications,B,Starlink,5.0
2025-133,2460849.75,2025-06-23,Falcon 9,FT5,xxx/B1069.25 F494,Starlink-279,Starlink Group 10-23,V2MO 10-23,-,CC,LC40,-,-,275.0, ,    -, ,-,16.5,SPX,OS,-,C,Sat LEO D,nasaspaceflight.com,-,-,LEO,Scientific,Falcon9,Falcon 9,US,United States,Canaveral,,15685.0,2025-06-23,264.0,53.16,LLEO/I,Communications,B,Starlink,5.0
2025-137,2460852.33,2025-06-25,Falcon 9,FT5,xxx/B1080.20 F497,Starlink-280,Starlink Group 10-16,V2MO 10-16,-,CC,LC40,-,-,275.0, ,    -, ,-,16.5,SPX,OS,-,C,Sat LEO D,nasaspaceflight.com,-,-,LEO,Scientific,Falcon9,Falcon 9,US,United States,Canaveral,,15525.0,2025-06-26,266.0,53.16,LLEO/I,Communications,B,Starlink,2.0
2025-139,2460854.68,2025-06-28,Falcon 9,FT5,xxx/B1092.5  F498,Starlink-281,Starlink Group 10-34,V2MO 10-34,-,CC,LC40,-,-,275.0, ,    -, ,-,16.5,SPX,OS,-,C,Sat LEO D,nasaspaceflight.com,-,-,LEO,Scientific,Falcon9,Falcon 9,US,United States,Canaveral,,15525.0,2025-06-28,265.0,53.16,LLEO/I,Communications,B,Starlink,3.0
2025-144,2460858.77,2025-07-02,Falcon 9,FT5,xxx/B1067.29 F501,Starlink-283,Starlink Group 10-25,V2MO 10-25,-,CC,LC40,-,-,270.0, ,    -, ,-,16.5,SPX,OS,-,C,Sat LEO D,nasaspaceflight.com,-,-,LEO,Scientific,Falcon9,Falcon 9,US,United States,Canaveral,,15525.0,2025-07-04,270.0,53.16,LLEO/I,Communications,B,Starlink,4.0
2025-147,2460864.85,2025-07-08,Falcon 9,FT5,xxx/B1077.22 F502,Starlink-284,Starlink Group 10-28,V2MO 10-28,-,CC,LC40,-,-,274.0, ,    -, ,-,16.5,SPX,OS,-,C,Sat LEO D,nasaspaceflight.com,-,-,LEO,Scientific,Falcon9,Falcon 9,US,United States,Canaveral,,16100.0,2025-07-09,264.0,53.16,LLEO/I,Communications,B,Starlink,6.0
2025-148,2460869.71,2025-07-13,Falcon 9,FT5,xxx/B1083.13 F503,Dror-1,Dror-1,-,-,CC,LC40,-,-,62079.0, ,    -, ,-,4.5,SPX,OS,-,C,Sat GTO D,nasaspaceflight.com,-,-,GTO,Scientific,Falcon9,Falcon 9,US,United States,Canaveral,,4500.0,2025-07-20,30138.0,1.98,VHEO,Communications,C,Commercial,5.0
2025-151,2460872.77,2025-07-16,Falcon 9,FT5,xxx/B1096.1  F505,Kuiper KF01,Kuiper KF-01,-,-,CC,LC40,-,-,463.0, ,    -, ,-,12.0,SPX,OS,-,C,Sat LEO D,nasaspaceflight.com,-,-,LEO,Scientific,Falcon9,Falcon 9,US,United States,Canaveral,,11760.0,2025-07-16,454.0,51.88,LLEO/I,Communications,B,Commercial,3.0
2025-153,2460879.38,2025-07-22,Falcon 9,FT5,xxx/B1090.6  F507,O3b mPOWER 9/10,O3b mPOWER 9/10,-,-,CC,LC40,-,-,7380.0, ,    -, ,-,3.4,SPX,OS,-,C,Sat MEO O,nasaspaceflight.com,-,-,MEO,Scientific,Falcon9,Falcon 9,US,United States,Canaveral,,3400.0,2025-09-19,4860.0,5.09,MEO,Communications,B,Commercial,6.0
2025-157,2460882.88,2025-07-26,Falcon 9,FT5,xxx/B1078.22 F509,Starlink-287,Starlink Group 10-26,V2MO 10-26,-,CC,LC40,-,-,273.0, ,    -, ,-,16.1,SPX,OS,-,C,Sat LEO D,nasaspaceflight.com,-,-,LEO,Scientific,Falcon9,Falcon 9,US,United States,Canaveral,,16100.0,2025-07-27,263.0,53.16,LLEO/I,Communications,B,Starlink,4.0
2025-161,2460886.65,2025-07-30,Falcon 9,FT5,xxx/B1069.26 F511,Starlink-289,Starlink Group 10-29,V2MO 10-29,-,CC,LC40,-,-,274.0, ,    -, ,-,16.1,SPX,OS,-,C,Sat LEO D,nasaspaceflight.com,-,-,LEO,Scientific,Falcon9,Falcon 9,US,United States,Canaveral,,16100.0,2025-07-30,266.0,53.16,LLEO/I,Communications,B,Starlink,4.0
2025-167,2460891.83,2025-08-04,Falcon 9,FT5,xxx/B1080.21 F514,Starlink-291,Starlink Group 10-30,V2MO 10-30,-,CC,LC40,-,-,275.0, ,    -, ,-,16.1,SPX,OS,-,C,Sat LEO D,nasaspaceflight.com,-,-,LEO,Scientific,Falcon9,Falcon 9,US,United States,Canaveral,,16100.0,2025-08-04,265.0,53.16,LLEO/I,Communications,B,Starlink,5.0
2025-171,2460899.02,2025-08-11,Falcon 9,FT5,xxx/B1091.1  F515,Kuiper KF02,Kuiper KF-02,-,-,CC,LC40,-,-,463.0, ,    -, ,-,16.1,SPX,OS,-,C,Sat LEO D,nasaspaceflight.com,-,-,LEO,Scientific,Falcon9,Falcon 9,US,United States,Canaveral,,11760.0,2025-08-11,454.0,51.88,LLEO/I,Communications,B,Commercial,7.0
2025-176,2460902.02,2025-08-14,Falcon 9,FT5,xxx/B1085.10 F517,Starlink-293,Starlink Group 10-20,V2MO 10-20,-,CC,LC40,-,-,276.0, ,    -, ,-,16.1,SPX,OS,-,C,Sat LEO D,nasaspaceflight.com,-,-,LEO,Scientific,Falcon9,Falcon 9,US,United States,Canaveral,,16100.0,2025-08-14,264.0,53.16,LLEO/I,Communications,B,Starlink,3.0
2025-186,2460911.78,2025-08-24,Falcon 9,FT5,xxx/B1090.7  F521,Dragon CRS-33,Dragon C211.3,-,-,CC,LC40,-,-,377.0, ,    -, ,-,17.87,SPX,OS,-,CX,Sat ISS D,Wire,-,-,LEO,Scientific,Falcon9,Falcon 9,US,United States,Canaveral,,10000.0,2025-08-24,373.0,51.55,LLEO/I,Other,B,Government,10.0
2025-189,2460914.97,2025-08-27,Falcon 9,FT5,xxx/B1095.2  F523,Starlink-296,Starlink Group 10-56,V2MO 10-56,-,CC,LC40,-,-,276.0, ,    -, ,-,16.1,SPX,OS,-,C,Sat LEO D,nasaspaceflight.com,-,-,LEO,Scientific,Falcon9,Falcon 9,US,United States,Canaveral,,16100.0,2025-08-27,262.0,53.16,LLEO/I,Communications,B,Starlink,3.0
2025-192,2460918.99,2025-08-31,Falcon 9,FT5,xxx/B1077.23 F526,Starlink-299,Starlink Group 10-14,V2MO 10-14,-,CC,LC40,-,-,275.0, ,    -, ,-,16.1,SPX,OS,-,C,Sat LEO D,nasaspaceflight.com,-,-,LEO,Scientific,Falcon9,Falcon 9,US,United States,Canaveral,,16100.0,2025-08-31,265.0,53.16,LLEO/I,Communications,B,Starlink,4.0
2025-195,2460922.0,2025-09-03,Falcon 9,FT5,xxx/B1083.14 F528,Starlink-301,Starlink Group 10-22,V2MO 10-22,-,CC,LC40,-,-,270.0, ,    -, ,-,16.1,SPX,OS,-,C,Sat LEO D,nasaspaceflight.com,-,-,LEO,Scientific,Falcon9,Falcon 9,US,United States,Canaveral,,16100.0,2025-09-03,259.0,53.16,LLEO/I,Communications,B,Starlink,3.0
2025-205,2460930.58,2025-09-12,Falcon 9,FT5,xxx/B1078.23 F532,Nusantara-5,Nusantara Lima,-,-,CC,LC40,-,-,53045.0, ,    -, ,-,5.5,SPX,OS,-,C,Sat GTO D,nasaspaceflight.com,-,-,GTO,Scientific,Falcon9,Falcon 9,US,United States,Canaveral,,7800.0,2025-10-13,18592.0,0.28,GEO/NS,Communications,B,Commercial,9.0
2025-208,2460933.42,2025-09-14,Falcon 9,FT5,xxx/B1094.4  F534,Cygnus NG-23,Cygnus NG-23,-,-,CC,LC40,-,-,245.0, ,    -, ,-,12.0,SPX,OS,-,CX,Sat ISS D,Wire,-,-,LEO,Scientific,Falcon9,Falcon 9,US,United States,Canaveral,,3290.0,2025-09-14,242.0,51.65,LLEO/I,Other,B,Government,2.0
2025-210,2460936.9,2025-09-18,Falcon 9,FT5,xxx/B1092.7  F535,Starlink-305,Starlink Group 10-61,V2MO 10-61,-,CC,LC40,-,-,275.0, ,    -, ,-,16.1,SPX,OS,-,C,Sat LEO D,celestrak.org,-,-,LEO,Scientific,Falcon9,Falcon 9,US,United States,Canaveral,,16100.0,2025-09-18,263.0,53.16,LLEO/I,Communications,B,Starlink,4.0
2025-212,2460939.95,2025-09-21,Falcon 9,FT5,xxx/B1085.11 F537,Starlink-307,Starlink Group 10-27,V2MO 10-27,-,CC,LC40,-,-,273.0, ,    -, ,-,16.1,SPX,OS,-,C,Sat LEO D,celestrak.org,-,-,LEO,Scientific,Falcon9,Falcon 9,US,United States,Canaveral,,16100.0,2025-09-21,261.0,53.16,LLEO/I,Communications,B,Starlink,3.0
2025-216,2460943.86,2025-09-25,Falcon 9,FT5,xxx/B1080.22 F540,Starlink-308,Starlink Group 10-15,V2MO 10-15,-,CC,LC40,-,-,278.0, ,    -, ,-,16.1,SPX,OS,-,C,Sat LEO D,celestrak.org,-,-,LEO,Scientific,Falcon9,Falcon 9,US,United States,Canaveral,,16100.0,2025-09-25,265.0,53.16,LLEO/I,Communications,B,Starlink,4.0
2025-224,2460955.78,2025-10-07,Falcon 9,FT5,xxx/B1090.8  F544,Starlink-312,Starlink Group 10-59,V2MO 10-59,-,CC,LC40,-,-,271.0, ,    -, ,-,16.1,SPX,OS,-,C,Sat LEO D,celestrak.org,-,-,LEO,Scientific,Falcon9,Falcon 9,US,United States,Canaveral,,16100.0,2025-10-07,258.0,53.16,LLEO/I,Communications,B,Starlink,12.0
2025-228,2460962.58,2025-10-14,Falcon 9,FT5,xxx/B1091.2  F546,Kuiper KF03,Kuiper KF-03,-,-,CC,LC40,-,-,467.0, ,    -, ,-,16.1,SPX,OS,-,C,Sat LEO D,nasaspaceflight.com,-,-,LEO,Scientific,Falcon9,Falcon 9,US,United States,Canaveral,,11760.0,2025-10-14,459.0,51.88,LLEO/I,Communications,B,Commercial,7.0
2025-232,2460964.89,2025-10-16,Falcon 9,FT5,xxx/B1095.3  F548,Starlink-314,Starlink Group 10-52,V2MO 10-52,-,CC,LC40,-,-,271.0, ,    -, ,-,16.1,SPX,OS,-,C,Sat LEO D,celestrak.org,-,-,LEO,Scientific,Falcon9,Falcon 9,US,United States,Canaveral,,16100.0,2025-10-16,260.0,53.16,LLEO/I,Communications,B,Starlink,2.0
2025-235,2460968.24,2025-10-19,Falcon 9,FT5,xxx/B1067.31 F549,Starlink-315,Starlink Group 10-17,V2MO 10-17,-,CC,LC40,-,-,268.0, ,    -, ,-,16.1,SPX,OS,-,C,Sat LEO D,celestrak.org,-,-,LEO,Scientific,Falcon9,Falcon 9,US,United States,Canaveral,,16100.0,2025-10-20,260.0,53.16,LLEO/I,Communications,B,Starlink,3.0
2025-239,2460972.56,2025-10-24,Falcon 9,FT5,xxx/B1076.22 F552,Spainsat NG-II,Spainsat NG-II,-,-,CC,LC40,-,-,62984.0, ,    -, ,-,6.1,SPX,OS,-,C,Sat GTO O,Wire,-,-,GTO,Scientific,Falcon9,Falcon 9,US,United States,Canaveral,,6100.0,2025-10-24,409.0,26.78,HEO,Communications,D,Military,5.0
2025-243,2460975.13,2025-10-26,Falcon 9,FT5,xxx/B1077.24 F554,Starlink-319,Starlink Group 10-21,V2MO 10-21,-,CC,LC40,-,-,274.0, ,    -, ,-,16.1,SPX,OS,-,C,Sat LEO D,celestrak.org,-,-,LEO,Scientific,Falcon9,Falcon 9,US,United States,Canaveral,,16100.0,2025-10-27,263.0,53.16,LLEO/I,Communications,B,Starlink,2.0
2025-245,2460978.19,2025-10-29,Falcon 9,FT5,xxx/B1083.15 F556,Starlink-321,Starlink Group 10-37,V2MO 10-37,-,CC,LC40,-,-,271.0, ,    -, ,-,16.1,SPX,OS,-,C,Sat LEO D,celestrak.org,-,-,LEO,Scientific,Falcon9,Falcon 9,US,United States,Canaveral,,16675.0,2025-10-29,264.0,53.16,LLEO/I,Communications,B,Starlink,3.0
2025-248,2460981.72,2025-11-02,Falcon 9,FT5,xxx/B1091.3  F558,Bandwagon-4,Bandwagon-4,-,-,CC,LC40,-,-,573.0, ,    -, ,-,2.0,SPX,OS,-,C/OG,Sat LEO D,SpaceX,-,-,LEO,Scientific,Falcon9,Falcon 9,US,United States,Canaveral,,1812.408,2025-11-02,570.0,42.41,LLEO/I,IMG-R,D,Military,4.0
2025-253,2460985.56,2025-11-06,Falcon 9,FT5,xxx/B1094.5  F559,Starlink-323,Starlink Group 6-81,V2MO 6-81,-,CC,LC40,-,-,270.0, ,    -, ,-,16.1,SPX,OS,-,C,Sat LEO D,celestrak.org,-,-,LEO,Scientific,Falcon9,Falcon 9,US,United States,Canaveral,,16675.0,2025-11-06,260.0,43.0,LLEO/I,Communications,B,Starlink,4.0
2025-259,2460990.64,2025-11-11,Falcon 9,FT5,xxx/B1096.3  F562,Starlink-326,Starlink Group 6-87,V2MO 6-87,-,CC,LC40,-,-,265.0, ,    -, ,-,16.1,SPX,OS,-,C,Sat LEO D,celestrak.org,-,-,LEO,Scientific,Falcon9,Falcon 9,US,United States,Canaveral,,16675.0,2025-11-12,260.0,43.0,LLEO/I,Communications,B,Starlink,5.0
2025-263,2460994.78,2025-11-15,Falcon 9,FT5,xxx/B1078.24 F564,Starlink-328,Starlink Group 6-85,V2MO 6-85,-,CC,LC40,-,-,267.0, ,    -, ,-,16.1,SPX,OS,-,C,Sat LEO D,celestrak.org,-,-,LEO,Scientific,Falcon9,Falcon 9,US,United States,Canaveral,,16675.0,2025-11-15,258.0,43.0,LLEO/I,Communications,B,Starlink,4.0
2025-265,2460998.51,2025-11-19,Falcon 9,FT5,xxx/B1085.12 F566,Starlink-329,Starlink Group 6-94,V2MO 6-94,-,CC,LC40,-,-,265.0, ,    -, ,-,16.1,SPX,OS,-,C,Sat LEO D,celestrak.org,-,-,LEO,Scientific,Falcon9,Falcon 9,US,United States,Canaveral,,16675.0,2025-11-20,262.0,43.0,LLEO/I,Communications,B,Starlink,4.0
2025-270,2461001.83,2025-11-22,Falcon 9,FT5,xxx/B1090.9  F568,Starlink-331,Starlink Group 6-79,V2MO 6-79,-,CC,LC40,-,-,272.0, ,    -, ,-,16.1,SPX,OS,-,C,Sat LEO D,celestrak.org,-,-,LEO,Scientific,Falcon9,Falcon 9,US,United States,Canaveral,,16675.0,2025-11-22,263.0,43.0,LLEO/I,Communications,B,Starlink,3.0
