Launch_Tag,Launch_JD,Launch_Date,LV_Type,Variant,Flight_ID,Flight,Mission,FlightCode,Platform,Launch_Site,Launch_Pad,Ascent_Site,Ascent_Pad,Apogee,Apoflag,Range,RangeFlag,Dest,OrbPay,Agency,LaunchCode,FailCode,Group,Category,LTCite,Cite,Notes,Simple_Orbit,Launch_Vehicle_Family,Launch_Vehicle_Simplified,State,Country,Launch_Site_Parent,Launch_Site_Name,Payload_Mass,Orbit_Canonical_Date,Perigee,Inc,OpOrbit,First_Simple_Payload_Category,First_Payload_Class,General_Launch_Payload_Type,Launch_Year
1972-058,2441522.25,1972-07-23,Delta 0900,-,574/D089,ERTS 1,ERTS A,-,-,V,SLC2W,-,-,917.0, ,    -, ,-,0.891,GSFC,OS,-,G,Sat SSO O,MOR E-641-72-01,-,-,SSO,Thor,Delta 1,US,United States,Vandenberg,,891.0,1972-08-23,902.0,99.11,LEO/S,Observation,C,Government,1972
1972-073,2441583.56,1972-09-23,Delta 1604,-,579/D090,Explorer 47,IMP H,-,-,CC,LC17B,-,-,235600.0, ,    -, ,-,0.39,GSFC,OS,-,G,Sat DSO OO 1,TR-1022,-,-,BEO,Thor,Delta 1,US,United States,Canaveral,,266.0,1972-09-25,201100.0,17.2,DSO,Science,C,Government,1972
1972-082,2441606.22,1972-10-15,Delta 0300,-,575/D091,NOAA 2,ITOS D,-,-,V,SLC2W,-,-,1456.0, ,    -, ,-,0.327,GSFC,OS,-,G,Sat SSO L,TR-1022,-,-,SSO,Thor,Delta 1,US,United States,Vandenberg,,327.0,1972-11-15,1450.0,101.77,LEO/S,Observation,C,Government,1972
1972-090,2441631.55,1972-11-10,Delta 1914,-,580/D092,Anik A1,Anik A1,-,-,CC,LC17B,-,-,35798.0, ,    -, ,-,1.08,GSFC,OS,-,G/C,Sat GTO BO,TR-1022,-,-,GTO,Thor,Delta 1,US,United States,Canaveral,,250.0,1977-01-28,35775.0,0.28,GEO/S,Communications,B,Government,1972
1972-097,2441662.83,1972-12-11,Delta 0900,-,577/D093,Nimbus 5,Nimbus E,-,-,V,SLC2W,-,-,1105.0, ,    -, ,-,0.715,GSFC,OS,-,G,Sat SSO O,TR-1022,-,-,SSO,Thor,Delta 1,US,United States,Vandenberg,,715.0,1973-01-10,1091.0,99.95,LEO/S,Observation,C,Government,1972
1973-023,2441793.49,1973-04-20,Delta 1914,-,583/D094,Anik A2,Anik A2,-,-,CC,LC17B,-,-,35792.0, ,    -, ,-,0.544,GSFC,OS,-,G/C,Sat GTO BO,TR-1022,-,-,GTO,Thor,Delta 1,US,United States,Canaveral,,254.0,1977-01-25,35780.0,0.03,GEO/S,Communications,B,Government,1973
1973-039,2441844.09,1973-06-10,Delta 1913,-,581/D095,Explorer 49,RAE B,-,-,CC,LC17B,-,-,390244.0, ,    -, ,-,0.462,GSFC,DS,-,G,Sat DSO OO,TR-1022,-,-,BEO,Thor,Delta 1,US,United States,Canaveral,,200.0,1973-06-10,182.0,29.1,CLO,Observation,C,Government,1973
1973-F06,2441880.22,1973-07-16,Delta 0300,-,578/D096,ITOS E,ITOS E,-,-,V,SLC2W,-,-,,?,    -, ,-,0.34,GSFC,OF,S2G,G,Sat SSO O,TR-1022,-,"Hydraulics failed, tumbled",SSO,Thor,Delta 1,US,United States,Vandenberg,,,,,,,,,Government,1973
1973-078,2441981.6,1973-10-26,Delta 1604,-,582/D097,Explorer 50,IMP J,-,-,CC,LC17B,-,-,215092.0, ,    -, ,-,0.398,GSFC,OS,-,G,Sat DSO OO 2,TR-1022,-,-,BEO,Thor,Delta 1,US,United States,Canaveral,,273.0,1975-07-25,215092.0,19.7,DSO,Science,C,Government,1973
1973-086,2441993.21,1973-11-06,Delta 0300,-,576/D098,NOAA 3,ITOS F,-,-,V,SLC2W,-,-,1512.0, ,    -, ,-,0.34,GSFC,OS,-,G,Sat SSO O,TR-1022,-,-,SSO,Thor,Delta 1,US,United States,Vandenberg,,340.0,1973-12-06,1501.0,102.07,LEO/S,Observation,C,Government,1973
1973-101,2442032.76,1973-12-16,Delta 1900,-,585/D099,Explorer 51,AE-C,-,-,V,SLC2W,-,-,4074.0, ,    -, ,-,0.668,GSFC,OS,-,G,Sat MEO O,TR-1022,-,-,MEO,Thor,Delta 1,US,United States,Vandenberg,,668.0,1974-01-29,152.0,68.07,MEO,EOSCI,C,Government,1973
1974-002,2442066.57,1974-01-19,Delta 2313,-,587/D100,Skynet 2A,Skynet IIA,-,-,CC,LC17B,-,-,2662.0, ,    -, ,-,0.435,GSFC,OF40,S2G2*,G/OG,Sat GTO OO 2,TR-1022,-,"S2 underburn, tumbling",GTO,Thor,Delta 1,US,United States,Canaveral,,217.0,1974-01-21,124.0,37.65,LEO/I,Communications,D,Military,1974
1974-022,2442151.48,1974-04-13,Delta 2914,C,588/D101,Westar 1,Westar 1,-,-,CC,LC17B,-,-,35808.0, ,    -, ,-,0.574,GSFC,OS,-,G/C,Sat GTO OO,TR-1022,-,-,GTO,Thor,Delta 1,US,United States,Canaveral,,284.0,1977-01-20,35764.0,0.02,GEO/S,Communications,B,Government,1974
1974-033,2442184.9,1974-05-17,Delta 2914,-,590/D102,SMS 1,SMS A,-,-,CC,LC17B,-,-,35867.0, ,    -, ,-,0.627,GSFC,OS75,S1P*,G,Sat GTO OO 2,TR-1022,-,S1 LOX pressure lost,GTO,Thor,Delta 1,US,United States,Canaveral,,285.0,1977-01-26,35705.0,2.29,GEO/S,Observation,C,Government,1974
1974-075,2442331.45,1974-10-10,Delta 2914,C,589/D103,Westar 2,Westar 2,-,-,CC,LC17B,-,-,35801.0, ,    -, ,-,0.572,GSFC,OS,-,G/C,Sat GTO OO,TR-1022,-,-,GTO,Thor,Delta 1,US,United States,Canaveral,,282.0,1977-01-31,35771.0,0.05,GEO/S,Communications,B,Government,1974
1974-089,2442367.22,1974-11-15,Delta 2310,-,592/D104,NOAA 4,ITOS G,-,-,V,SLC2W,-,-,1460.0, ,    -, ,-,0.399,GSFC,OS,-,G,Sat SSO O,TR-1022,-,-,SSO,Thor,Delta 1,US,United States,Vandenberg,,399.0,1974-12-15,1445.0,101.74,LEO/S,Observation,C,Government,1974
1974-094,2442374.52,1974-11-23,Delta 2313,-,591/D105,Skynet 2B,Skynet IIB,-,-,CC,LC17B,-,-,35782.0, ,    -, ,-,0.436,GSFC,OS,-,G/OG,Sat GTO OO,TR-1022,-,-,GTO,Thor,Delta 1,US,United States,Canaveral,,221.0,1977-03-01,35757.0,0.82,GEO/D,Communications,D,Military,1974
1974-101,2442400.61,1974-12-19,Delta 2914,-,599/D106,Symphonie 1,Symphonie MV1,-,-,CC,LC17B,-,-,35795.0, ,    -, ,-,0.4,GSFC,OS,-,G/OG,Sat GTO OO 2,TR-1022,-,-,GTO,Thor,Delta 1,US,United States,Canaveral,,400.0,1977-11-10,35781.0,0.15,GEO/S,Communications,C,Government,1974
1975-004,2442435.25,1975-01-22,Delta 2910,-,598/D107,Landsat 2,Landsat B,-,-,V,SLC2W,-,-,917.0, ,    -, ,-,0.953,GSFC,OS,-,G,Sat SSO L,TR-1022,-,-,SSO,Thor,Delta 1,US,United States,Vandenberg,,953.0,1975-02-24,901.0,99.1,LEO/S,Observation,C,Government,1975
1975-011,2442450.42,1975-02-06,Delta 2914,-,593/D108,SMS 2,SMS B,-,-,CC,LC17B,-,-,35795.0, ,    -, ,-,0.628,GSFC,OS,-,G,Sat GTO OO 2,TR-1022,-,-,GTO,Thor,Delta 1,US,United States,Canaveral,,309.0,1977-01-24,35773.0,0.52,GEO/S,Observation,C,Government,1975
1975-027,2442512.5,1975-04-09,Delta 1410,-,584/D109,Geos 3,Geos C,-,-,V,SLC2W,-,-,855.0, ,    -, ,-,0.34,GSFC,OS,-,G,Sat LEO O,LR750410,TR-1022,-,LEO,Thor,Delta 1,US,United States,Vandenberg,,340.0,1988-06-09,821.0,114.99,LEO/R,Science,C,Government,1975
1975-038,2442540.48,1975-05-07,Delta 2914,C,596/D110,Anik A3,Anik A3,-,-,CC,LC17B,-,-,35797.0, ,    -, ,-,0.544,GSFC,OS,-,G/C,Sat GTO BO 2,TR-1022,-,-,GTO,Thor,Delta 1,US,United States,Canaveral,,254.0,1977-01-26,35774.0,0.01,GEO/S,Communications,B,Government,1975
1975-052,2442575.84,1975-06-12,Delta 2910,-,595/D111,Nimbus 6,Nimbus F,-,-,V,SLC2W,-,-,1115.0, ,    -, ,-,0.827,GSFC,OS,-,G,Sat SSO O,TR-1022,-,-,SSO,Thor,Delta 1,US,United States,Vandenberg,,827.0,1980-01-03,1103.0,99.9,LEO/S,Observation,C,Government,1975
1975-057,2442584.99,1975-06-21,Delta 1910,-,586/D112,OSO 8,OSO I,-,-,CC,LC17B,-,-,556.0, ,    -, ,-,1.064,GSFC,OS,-,G,Sat LEO O,TR-1022,-,-,LEO,Thor,Delta 1,US,United States,Canaveral,,1064.0,1975-07-21,540.0,32.95,LLEO/I,Observation,C,Government,1975
1975-072,2442633.58,1975-08-09,Delta 2913,-,602/D113,COS-B,COS-B,-,-,V,SLC2W,-,-,96895.0, ,    -, ,-,0.278,GSFC,OS,-,G/OG,Sat HEO OO 2,TR-1022,-,-,HEO,Thor,Delta 1,US,United States,Vandenberg,,278.0,1976-01-01,2536.0,92.01,VHEO,Observation,C,Government,1975
1975-077,2442651.57,1975-08-27,Delta 2914,-,594/D114,Symphonie 2,Symphonie MV2,-,-,CC,LC17A,-,-,35826.0, ,    -, ,-,0.4,GSFC,OS,-,G/OG,Sat GTO OO 2,TR-1022,-,-,GTO,Thor,Delta 1,US,United States,Canaveral,,400.0,1977-01-21,35750.0,0.45,GEO/S,Communications,C,Government,1975
1975-082,2442664.73,1975-09-09,N-1,-,N-1(F),Kiku-1,ETS 1,-,-,TNSC,N,-,-,1102.0, ,    -, ,-,0.082,NASDA,OS,-,G,Sat LEO O,WWW-NASDA,-,-,LEO,Thor,Delta 1,J,Japan,Tanegashima,,82.0,1992-02-14,974.0,47.0,LEO/I,Tech Demo,C,Government,1975
1975-096,2442691.88,1975-10-06,Delta 2910,-,600/D115,Explorer 54,AE-D,-,-,V,SLC2W,-,-,3569.0, ,    -, ,-,0.675,GSFC,OS,-,G,Sat LEO O,TR-1022,-,-,LEO,Thor,Delta 1,US,United States,Vandenberg,,675.0,1975-11-05,135.0,90.08,LEO/P,EOSCI,C,Government,1975
1975-100,2442702.44,1975-10-16,Delta 2914,-,597/D116,GOES 1,GOES A,-,-,CC,LC17B,-,-,35817.0, ,    -, ,-,0.612,GSFC,OS,-,G,Sat GTO BO 2,CCMOPS,-,-,GTO,Thor,Delta 1,US,United States,Canaveral,,293.0,1978-03-25,35763.0,0.01,GEO/S,Observation,C,Government,1975
1975-107,2442736.59,1975-11-20,Delta 2910,-,604/D117,Explorer 55,AE-E,-,-,CC,LC17B,-,-,2819.0, ,    -, ,-,0.72,GSFC,OS,-,G,Sat LEO O,TR-1022,-,-,LEO,Thor,Delta 1,US,United States,Canaveral,,720.0,1975-12-21,142.0,19.68,LEO/E,Science,C,Government,1975
1975-117,2442759.58,1975-12-13,Delta 3914,-,607/D118,Satcom 1,RCA-A,-,-,CC,LC17A,-,-,35863.0, ,    -, ,-,0.867,GSFC,OS,-,G/C,Sat GTO OO 2,TR-1022,-,-,GTO,Thor,Delta 1,US,United States,Canaveral,,433.0,1977-01-20,35707.0,0.02,GEO/S,Communications,B,Government,1975
1976-004,2442795.48,1976-01-17,Delta 2914,-,606/D119,CTS,CTS,-,-,CC,LC17B,-,-,35813.0, ,    -, ,-,0.685,GSFC,OS,-,G/OG,Sat GTO OO 2,MOR E-610-76-01,-,-,GTO,Thor,Delta 1,US,United States,Canaveral,,336.0,1977-01-20,35759.0,0.06,GEO/S,Communications,C,Government,1976
1976-017,2442828.44,1976-02-19,Delta 2914,-,603/D120,Marisat 1,Marisat A,-,-,CC,LC17B,-,-,35829.0, ,    -, ,-,0.738,GSFC,OS,-,G/C,Sat GTO OO 2,KHR-1,-,-,GTO,Thor,Delta 1,US,United States,Canaveral,,360.0,1977-01-25,35743.0,1.8,GEO/S,Communications,B,Government,1976
1976-019,2442837.65,1976-02-29,N-1,-,N-2(F),Ume,ISS,-,-,TNSC,N,-,-,1006.0, ,    -, ,-,0.135,NASDA,OS,-,G,Sat LEO O,WWW-NASDA,-,-,LEO,Thor,Delta 1,J,Japan,Tanegashima,,135.0,1990-06-27,991.0,69.67,LEO/I,Science,C,Government,1976
1976-029,2442864.45,1976-03-26,Delta 3914,-,610/D121,Satcom 2,RCA-B,-,-,CC,LC17A,-,-,35861.0, ,    -, ,-,0.867,GSFC,OS,-,G/C,Sat GTO OO 2,KHR-1,-,-,GTO,Thor,Delta 1,US,United States,Canaveral,,433.0,1977-01-24,35711.0,0.01,GEO/S,Communications,B,Government,1976
1976-035,2442891.37,1976-04-22,Delta 2914,-,608/D122,NATO 3A,NATO 3A,-,-,CC,LC17B,-,-,35801.0, ,    -, ,-,0.67,GSFC,OS,-,G,Sat GTO OO 2,KHR-1,-,-,GTO,Thor,Delta 1,US,United States,Canaveral,,277.0,1977-01-25,35772.0,2.53,GEO/S,Communications,D,Military,1976
1976-039,2442902.83,1976-05-04,Delta 2913,-,609/D123,Lageos,Lageos,-,-,V,SLC2W,-,-,5951.0, ,    -, ,-,0.629,GSFC,OS,-,G,Sat MTO O 1,KHR-1,-,-,MEO,Thor,Delta 1,US,United States,Vandenberg,,411.0,1976-06-03,5834.0,109.89,MEO,Science,C,Government,1976
1976-053,2442939.51,1976-06-10,Delta 2914,-,601/D124,Marisat 2,Marisat B,-,-,CC,LC17A,-,-,35794.0, ,    -, ,-,0.738,GSFC,OS,-,G/C,Sat GTO OO 2,KHR-1,-,-,GTO,Thor,Delta 1,US,United States,Canaveral,,360.0,1977-02-24,35781.0,2.28,GEO/S,Communications,B,Government,1976
1976-066,2442968.48,1976-07-08,Delta 2914,C,611/D125,Palapa A1,Palapa A1,-,-,CC,LC17A,-,-,35791.0, ,    -, ,-,0.575,GSFC,OS,-,G/C,Sat GTO OO 2,KHR-1,-,-,GTO,Thor,Delta 1,US,United States,Canaveral,,282.0,1978-02-23,35779.0,0.03,GEO/S,Communications,B,Government,1976
1976-077,2442989.21,1976-07-29,Delta 2310,-,605/D126,NOAA 5,ITOS H,-,-,V,SLC2W,-,-,1521.0, ,    -, ,-,0.34,GSFC,OS,-,G,Sat SSO O,KHR-1,-,-,SSO,Thor,Delta 1,US,United States,Vandenberg,,340.0,1991-03-28,1506.0,101.98,LEO/S,Observation,C,Government,1976
1976-101,2443066.45,1976-10-14,Delta 2914,-,614/D127,Marisat 3,Marisat C,-,-,CC,LC17A,-,-,35791.0, ,    -, ,-,0.655,GSFC,OS,-,G/C,Sat GTO OO 2,KHR-1,-,-,GTO,Thor,Delta 1,US,United States,Canaveral,,360.0,1977-01-18,35781.0,2.1,GEO/S,Communications,B,Government,1976
1977-005,2443171.53,1977-01-28,Delta 2914,-,613/D128,NATO 3B,NATO 3B,-,-,CC,LC17A,-,-,35786.0, ,    -, ,-,0.701,GSFC,OS,-,G,Sat GTO BO 2,patrick.af.mil,-,-,GTO,Thor,Delta 1,US,United States,Canaveral,,307.0,1977-04-14,35777.0,2.72,GEO/S,Communications,D,Military,1977
1977-014,2443197.87,1977-02-23,N-1,-,N-3(F),Kiku 2,ETS-2,-,-,TNSC,N,-,-,35807.0, ,    -, ,-,0.254,NASDA,OS,-,G,Sat GTO O,WWW-NASDA,-,-,GTO,Thor,Delta 1,J,Japan,Tanegashima,,120.0,1977-03-27,35768.0,0.52,GEO/S,Communications,C,Government,1977
1977-018,2443213.47,1977-03-10,Delta 2914,-,612/D129,Palapa A2,Palapa A2,-,-,CC,LC17A,-,-,35809.0, ,    -, ,-,0.575,GSFC,OS,-,G/C,Sat GTO OO 2,KHR-1,-,-,GTO,Thor,Delta 1,US,United States,Canaveral,,282.0,1979-12-26,35751.0,2.73,GEO/S,Communications,B,Government,1977
1977-029,2443253.93,1977-04-20,Delta 2914,-,617/D130,Geos 1,Geos 1,-,-,CC,LC17B,-,-,38294.0, ,    -, ,-,0.573,GSFC,OF70,S3G,G/OG,Sat GTO OO 2,MOR M-492-302-77-01,-,S3 spin table failed,GTO,Thor,Delta 1,US,United States,Canaveral,,267.0,1977-05-22,2083.0,26.47,GTO,Science,C,Government,1977
1977-048,2443310.95,1977-06-16,Delta 2914,-,616/D131,GOES 2,GOES B,-,-,CC,LC17B,-,-,36318.0, ,    -, ,-,0.624,GSFC,OS,-,G,Sat GTO BO 2,CCMOPS,-,-,GTO,Thor,Delta 1,US,United States,Canaveral,,294.0,1977-07-17,35258.0,0.82,GEO/I,Observation,C,Government,1977
1977-065,2443338.94,1977-07-14,Delta 2914,-,618/D132,GMS,GMS,-,-,CC,LC17B,-,-,35803.0, ,    -, ,-,0.664,GSFC,OS,-,G/OG,Sat GTO OO 2,CCMOPS,-,-,GTO,Thor,Delta 1,US,United States,Canaveral,,280.0,1977-08-28,35770.0,1.11,GEO/S,Observation,C,Government,1977
1977-080,2443381.49,1977-08-25,Delta 2313,-,615/D133,Sirio,Sirio 1,-,-,CC,LC17B,-,-,36023.0, ,    -, ,-,0.398,GSFC,OS,-,G/OG,Sat GTO BO 2,CCMOPS,-,-,GTO,Thor,Delta 1,US,United States,Canaveral,,198.0,1979-10-23,35612.0,1.33,GEO/D,Communications,C,Government,1977
1977-F04,2443400.48,1977-09-13,Delta 3914,-,619/D134,OTS 1,OTS 1,-,-,CC,LC17A,-,-,,?,    -, ,-,0.838,GSFC,OF,S0P,G/OG,Sat GTO OO 2,CCMOPS,-,"SRM failed, exploded",GTO,Thor,Delta 1,US,United States,Canaveral,,,,,,,,,Government,1977
1977-102,2443439.08,1977-10-22,Delta 2914,-,623/D135,ISEE 1/2,ISEE A,-,-,CC,LC17B,-,-,137531.0, ,    -, ,-,0.505,GSFC,OS,-,G,Sat HEO OO,CCMOPS,-,-,HEO,Thor,Delta 1,US,United States,Canaveral,,505.0,1977-11-29,764.0,30.38,VHEO,Science,C,Government,1977
1977-108,2443470.57,1977-11-23,Delta 2914,-,620/D136,Meteosat 1,Meteosat 1,-,-,CC,LC17A,-,-,35803.0, ,    -, ,-,0.699,GSFC,OS,-,G/OG,Sat GTO OO 1,CCMOPS,-,-,GTO,Thor,Delta 1,US,United States,Canaveral,,348.0,1978-02-20,35776.0,0.22,GEO/S,Observation,C,Government,1977
1977-118,2443492.53,1977-12-15,Delta 2914,-,624/D137,CS,CS,-,-,CC,LC17B,-,-,35789.0, ,    -, ,-,0.677,GSFC,OS,-,G/OG,Sat GTO BO,KHR-1,-,-,GTO,Thor,Delta 1,US,United States,Canaveral,,314.0,1978-02-02,35782.0,0.08,GEO/S,Communications,C,Government,1977
1978-012,2443535.23,1978-01-26,Delta 2914,-,628/D138,IUE,IUE,-,-,CC,LC17A,-,-,45892.0, ,    -, ,-,0.673,GSFC,OS,-,G,Sat GTO OO 1,KHR-1,-,-,GTO,Thor,Delta 1,US,United States,Canaveral,,434.0,1978-03-03,25687.0,28.59,GEO/T,Observation,C,Government,1978
1978-018,2443555.67,1978-02-16,N-1,-,N-4(F),Ume 2,ISS-b,-,-,TNSC,N,-,-,1220.0, ,    -, ,-,0.141,NASDA,OS,-,G,Sat LEO O,WWW-NASDA,-,-,LEO,Thor,Delta 1,J,Japan,Tanegashima,,141.0,1990-06-27,974.0,69.36,LEO/I,Science,C,Government,1978
1978-026,2443573.25,1978-03-05,Delta 2910,-,621/D139,Landsat 3,Landsat C,-,-,V,SLC2W,-,-,919.0, ,    -, ,-,0.927,GSFC,OS,-,G,Sat SSO L,KHR-1,-,-,SSO,Thor,Delta 1,US,United States,Vandenberg,,927.0,1990-05-15,898.0,98.76,LEO/S,Observation,C,Government,1978
1978-039,2443606.42,1978-04-07,Delta 2914,-,626/D140,BSE,BSE,-,-,CC,LC17B,-,-,35807.0, ,    -, ,-,0.678,GSFC,OS,-,G/OG,Sat GTO BO,KHR-1,-,-,GTO,Thor,Delta 1,US,United States,Canaveral,,334.0,1978-05-07,35766.0,0.04,GEO/S,Communications,C,Government,1978
1978-044,2443640.46,1978-05-11,Delta 3914,-,627/D141,OTS 2,OTS 2,-,-,CC,LC17A,-,-,35794.0, ,    -, ,-,0.865,GSFC,OS,-,G/OG,Sat GTO BO,MOR M-492-210-78-2,"JBIS32,186",-,GTO,Thor,Delta 1,US,United States,Canaveral,,431.0,1978-07-19,35777.0,0.06,GEO/S,Communications,C,Government,1978
1978-062,2443675.95,1978-06-16,Delta 2914,-,625/D142,GOES 3,GOES C,-,-,CC,LC17B,-,-,35807.0, ,    -, ,-,0.628,GSFC,OS,-,G,Sat GTO BO,KHR-1,-,-,GTO,Thor,Delta 1,US,United States,Canaveral,,293.0,1978-07-30,35767.0,0.96,GEO/S,Observation,C,Government,1978
1978-071,2443703.95,1978-07-14,Delta 2914,-,631/D143,Geos 2,Geos 2,-,-,CC,LC17A,-,-,35801.0, ,    -, ,-,0.575,GSFC,OS,-,G/OG,Sat GTO BO,MOR M-492-302-78-02,-,-,GTO,Thor,Delta 1,US,United States,Canaveral,,270.0,1978-09-03,35768.0,0.69,GEO/S,Science,C,Government,1978
1978-079,2443733.13,1978-08-12,Delta 2914,-,633/D144,ISEE 3,ISEE C,-,-,CC,LC17B,-,-,1151164.0, ,    -, ,-,0.479,GSFC,DS,-,G,Sat EEO OE,KHR-1,-,-,BEO,Thor,Delta 1,US,United States,Canaveral,,479.0,1978-08-12,180.0,28.9,CLO,Other,C,Government,1978
1978-098,2443805.84,1978-10-24,Delta 2910,-,630/D145,Nimbus 7,Nimbus G,-,-,V,SLC2W,-,-,961.0, ,    -, ,-,1.921,GSFC,OS,-,G,Sat SSO O,SP-4023,-,-,SSO,Thor,Delta 1,US,United States,Vandenberg,,1076.0,1980-01-02,948.0,99.29,LEO/S,Observation,C,Government,1978
1978-106,2443831.53,1978-11-19,Delta 2914,-,634/D146,NATO 3C,NATO 3C,-,-,CC,LC17B,-,-,35813.0, ,    -, ,-,0.706,GSFC,OS,-,G,Sat GTO OO,KHR-1,-,-,GTO,Thor,Delta 1,US,United States,Canaveral,,307.0,1978-12-19,35459.0,4.36,GEO/ID,Communications,D,Military,1978
1978-116,2443858.51,1978-12-16,Delta 3914,-,632/D147,Anik B,Anik B,-,-,CC,LC17A,-,-,35790.0, ,    -, ,-,0.922,GSFC,OS,-,G/C,Sat GTO OO,KHR-1,-,-,GTO,Thor,Delta 1,US,United States,Canaveral,,488.0,1979-01-31,35781.0,0.03,GEO/S,Communications,B,Government,1978
1979-007,2443904.4,1979-01-30,Delta 2914,-,629/D148,Scatha,P78-2,-,-,CC,LC17B,-,-,43212.0, ,    -, ,-,0.388,GSFC,OS,-,G,Sat GTO OO,KHR-1,-,-,GTO,Thor,Delta 1,US,United States,Canaveral,,357.0,1979-03-01,27580.0,7.85,GEO/NS,SCI/TECH,C,Government,1979
1979-009,2443910.87,1979-02-06,N-1,-,N-5(F),Ayame,ECS,-,-,TNSC,N,-,-,36808.0, ,    -, ,-,0.26,NASDA,OF25,S3S,G,Sat GTO OO,WWW-NASDA,-,S3 hit payload after sep,GTO,Thor,Delta 1,J,Japan,Tanegashima,,121.0,1979-07-02,31411.0,0.53,MEO,Communications,C,Government,1979
1979-072,2444095.51,1979-08-10,Delta 2914,-,638/D149,Westar 3,Westar 3,-,-,CC,LC17A,-,-,35786.0, ,    -, ,-,0.572,GSFC,OS,-,G/C,Sat GTO OO,KHR-1,-,-,GTO,Thor,Delta 1,US,United States,Canaveral,,282.0,1979-09-11,35781.0,0.23,GEO/S,Communications,B,Government,1979
1979-101,2444214.57,1979-12-07,Delta 3914,-,622/D150,Satcom 3,RCA-C,-,-,CC,LC17A,-,-,35448.0, ,    -, ,-,0.867,GSFC,OS,-,G/C,Sat GTO BO,KHR-1,-,-,GTO,Thor,Delta 1,US,United States,Canaveral,,433.0,1982-11-18,8356.0,8.2,MEO,Communications,B,Government,1979
1980-014,2444284.16,1980-02-14,Delta 3910,-,635/D151,Solar Max,SMM,-,-,CC,LC17A,-,-,569.0, ,    -, ,-,2.315,GSFC,OS,-,G,Sat LEO O,JCM,-,-,LEO,Thor,Delta 1,US,United States,Canaveral,,1721.0,1980-03-15,566.0,28.51,LLEO/I,Observation,C,Government,1980
1980-018,2444291.86,1980-02-22,N-1,-,N-6(F),Ayame 2,ECS-b,-,-,TNSC,N,-,-,35494.0, ,    -, ,-,0.26,NASDA,OS,-,G,Sat GTO OO,WWW-NASDA,-,-,GTO,Thor,Delta 1,J,Japan,Tanegashima,,121.0,1980-02-23,9185.0,8.5,MEO,Communications,C,Government,1980
1980-074,2444492.44,1980-09-09,Delta 3914,-,637/D152,GOES 4,GOES D,-,-,CC,LC17A,-,-,35800.0, ,    -, ,-,0.84,GSFC,OS,-,G,Sat STO OO,Falworth,-,-,GTO,Thor,Delta 1,US,United States,Canaveral,,400.0,1980-10-09,35774.0,0.19,GEO/S,Observation,C,Government,1980
1980-091,2444559.45,1980-11-15,Delta 3910/PAM,-,636/D153,SBS 1,SBS 1,-,-,CC,LC17A,-,-,35792.0, ,    -, ,-,1.064,GSFC,OS,-,G/C,Sat GTO SO,Falworth,-,-,GTO,Thor,Delta 1,US,United States,Canaveral,,521.0,1980-12-15,35778.0,0.16,GEO/S,Communications,B,Government,1980
1981-012,2444646.85,1981-02-11,N-2,-,N-7(F),Kiku-3,ETS-4,-,-,TNSC,N,-,-,35865.0, ,    -, ,-,0.65,NASDA,OS,-,G,Sat GTO OO,WWW-NASDA,-,-,GTO,Thor,Delta 2,J,Japan,Tanegashima,,650.0,1981-03-13,236.0,28.48,GTO,Tech Demo,C,Government,1981
1981-049,2444747.44,1981-05-22,Delta 3914,-,645/D154,GOES 5,GOES E,-,-,CC,LC17A,-,-,35863.0, ,    -, ,-,0.836,GSFC,OS,-,G,Sat STO OO,Falworth,-,-,GTO,Thor,Delta 1,US,United States,Canaveral,,397.0,1981-06-23,35715.0,0.41,GEO/S,Observation,C,Government,1981
1981-070,2444819.91,1981-08-03,Delta 3913,-,642/D155,DE 1/DE 2,DE A,-,-,V,SLC2W,-,-,23300.0, ,    -, ,-,0.844,GSFC,OS75,S2U2*,G,Sat HEO OO,MOR S-850-81-03,-,Incorrect fuelling,HEO,Thor,Delta 1,US,United States,Vandenberg,,844.0,1981-09-07,558.0,89.92,HEO,Science,C,Government,1981
1981-076,2444827.34,1981-08-10,N-2,-,N-8(F),GMS 2,GMS 2,-,-,TNSC,N,-,-,35792.0, ,    -, ,-,0.653,NASDA,OS,-,G,Sat GTO OO,WWW-NASDA,-,-,GTO,Thor,Delta 2,J,Japan,Tanegashima,,300.0,1981-10-23,35779.0,1.1,GEO/S,Observation,C,Government,1981
1981-096,2444872.46,1981-09-24,Delta 3910/PAM,-,641/D156,SBS 2,SBS 2,-,-,CC,LC17A,-,-,35621.0, ,    -, ,-,1.064,GSFC,OS,-,G/C,Sat GTO SO,Falworth,-,-,GTO,Thor,Delta 1,US,United States,Canaveral,,521.0,1981-10-24,35492.0,0.24,GEO/D,Communications,B,Government,1981
1981-100,2444883.98,1981-10-06,Delta 2310,-,639/D157,SME,Solar Mesosphere Explore,-,-,V,SLC2W,-,-,486.0, ,    -, ,-,0.489,GSFC,OS,-,G,Sat SSO B,Falworth,-,-,SSO,Thor,Delta 1,US,United States,Vandenberg,,489.0,1989-04-25,481.0,97.69,LLEO/S,EOSCI,C,Government,1981
1981-114,2444928.57,1981-11-20,Delta 3910/PAM,-,640/D158,Satcom 3R,RCA-D,-,-,CC,LC17A,-,-,35793.0, ,    -, ,-,1.082,GSFC,OS,-,G/C,Sat GTO SO,JCM,-,-,GTO,Thor,Delta 1,US,United States,Canaveral,,577.0,1981-12-24,35778.0,0.14,GEO/S,Communications,B,Government,1981
1982-004,2444985.58,1982-01-16,Delta 3910/PAM,-,643/D159,Satcom 4,RCA-C',-,-,CC,LC17A,-,-,35797.0, ,    -, ,-,1.082,GSFC,OS,-,G/C,Sat GTO SO,MOR O-492-206-82-05,-,-,GTO,Thor,Delta 1,US,United States,Canaveral,,577.0,1982-02-15,35776.0,0.16,GEO/S,Communications,B,Government,1982
1982-014,2445026.5,1982-02-26,Delta 3910/PAM,-,644/D160,Westar 4,Westar 4,-,-,CC,LC17A,-,-,35791.0, ,    -, ,-,1.095,GSFC,OS,-,G/C,Sat GTO SO,JCM,-,-,GTO,Thor,Delta 1,US,United States,Canaveral,,552.0,1982-04-09,35783.0,0.05,GEO/S,Communications,B,Government,1982
1982-031,2445069.78,1982-04-10,Delta 3910/PAM,-,647/D161,Insat 1A,Insat 1A,-,-,CC,LC17A,-,-,36176.0, ,    -, ,-,1.149,GSFC,OS,-,G/OG,Sat GTO SO,Falworth,-,-,GTO,Thor,Delta 1,US,United States,Canaveral,,1149.0,1982-06-25,35393.0,0.37,GEO/S,COM/MET,C,Government,1982
1982-058,2445129.52,1982-06-09,Delta 3910/PAM,-,649/D162,Westar 5,Westar 5,-,-,CC,LC17A,-,-,35720.0, ,    -, ,-,1.095,GSFC,OS,-,G/C,Sat GTO SO,Falworth,-,-,GTO,Thor,Delta 1,US,United States,Canaveral,,552.0,1982-07-14,35566.0,0.05,GEO/D,Communications,B,Government,1982
1982-072,2445167.25,1982-07-16,Delta 3920,-,648/D163,Landsat 4,Landsat D,-,-,V,SLC2W,-,-,704.0, ,    -, ,-,1.938,GSFC,OS,-,G,Sat SSO L,Falworth,-,-,SSO,Thor,Delta 1,US,United States,Vandenberg,,1938.0,1982-08-17,700.0,98.25,LEO/S,Observation,C,Government,1982
1982-082,2445208.47,1982-08-26,Delta 3920/PAM,-,651/D164,Anik D-1,Anik D-1,-,-,CC,LC17B,-,-,35791.0, ,    -, ,-,1.232,GSFC,OS,-,G/C,Sat GTO BO,Falworth,-,-,GTO,Thor,Delta 1,US,United States,Canaveral,,729.0,1982-09-27,35781.0,0.03,GEO/S,Communications,B,Government,1982
1982-087,2445215.71,1982-09-03,N-1,-,N-9(F),Kiku-4,ETS 3,-,-,TNSC,N,-,-,1217.0, ,    -, ,-,0.385,NASDA,OS,-,G,Sat LEO O,WWW-NASDA,-,-,LEO,Thor,Delta 1,J,Japan,Tanegashima,,385.0,1982-10-03,966.0,44.61,LEO/I,Communications,C,Government,1982
1982-105,2445270.56,1982-10-28,Delta 3924,-,652/D165,Satcom 5,RCA-E,-,-,CC,LC17B,-,-,35809.0, ,    -, ,-,1.116,GSFC,OS,-,G/C,Sat GTO BO,MOR,-,-,GTO,Thor,Delta 1,US,United States,Canaveral,,573.0,1982-11-27,35763.0,0.12,GEO/S,Communications,B,Government,1982
1983-004,2445360.6,1983-01-26,Delta 3910,-,650/D166,IRAS,IRAS,-,-,V,SLC2W,-,-,911.0, ,    -, ,-,1.077,GSFC,OS,-,G,Sat SSO L,JCM,-,-,SSO,Thor,Delta 1,US,United States,Vandenberg,,1027.0,1983-03-04,893.0,99.11,LEO/S,Observation,C,Government,1983
1983-006,2445369.86,1983-02-04,N-2,-,N-10(F),CS 2A,CS 2A,-,-,TNSC,N,-,-,35786.0, ,    -, ,-,0.67,NASDA,OS,-,G,Sat GTO PO,WWW-NASDA,-,-,GTO,Thor,Delta 2,J,Japan,Tanegashima,,329.0,1983-03-19,35783.0,0.05,GEO/S,Communications,C,Government,1983
1983-030,2445436.44,1983-04-11,Delta 3924,-,653/D167,Satcom 1R,RCA-F,-,-,CC,LC17B,-,-,35796.0, ,    -, ,-,1.116,GSFC,OS,-,G/C,Sat GTO BO,MOR + TLE,-,-,GTO,Thor,Delta 1,US,United States,Canaveral,,566.0,1983-05-13,35776.0,0.09,GEO/S,Communications,B,Government,1983
1983-041,2445453.43,1983-04-28,Delta 3914,-,D168,GOES 6,GOES F,-,-,CC,LC17A,-,-,35831.0, ,    -, ,-,0.839,GSFC,OS,-,G,Sat STO BO,Falworth,-,-,GTO,Thor,Delta 1,US,United States,Canaveral,,399.0,1983-05-30,35724.0,0.28,GEO/S,Observation,C,Government,1983
1983-051,2445481.14,1983-05-26,Delta 3914,-,D169,Exosat,Exosat,-,-,V,SLC2W,-,-,191510.0, ,    -, ,-,0.51,GSFC,OS,-,G/OG,Sat DSO BO,LR830526,-,-,BEO,Thor,Delta 1,US,United States,Vandenberg,,510.0,1983-07-02,584.0,72.0,DSO,Observation,C,Government,1983
1983-065,2445514.46,1983-06-28,Delta 3920/PAM,-,D170,Galaxy 1,Galaxy I,-,-,CC,LC17B,-,-,35786.0, ,    -, ,-,1.219,GSFC,OS,-,G/C,Sat GTO OO,Desind,-,-,GTO,Thor,Delta 1,US,United States,Canaveral,,676.0,1983-08-02,35784.0,0.14,GEO/S,Communications,B,Government,1983
1983-077,2445544.45,1983-07-28,Delta 3920/PAM,-,D171,Telstar 301,Telstar 301,-,-,CC,LC17A,-,-,36132.0, ,    -, ,-,1.225,GSFC,OS,-,G/C,Sat GTO OO,JCM,-,-,GTO,Thor,Delta 1,US,United States,Canaveral,,619.0,1983-08-28,35442.0,0.15,GEO/S,Communications,B,Government,1983
1983-081,2445552.35,1983-08-05,N-2,-,N-11(F),CS 2B,CS-2B,-,-,TNSC,N,-,-,35790.0, ,    -, ,-,0.67,NASDA,OS,-,G,Sat GTO OO,WWW-NASDA,-,-,GTO,Thor,Delta 2,J,Japan,Tanegashima,,329.0,1983-09-26,35785.0,0.18,GEO/S,Communications,C,Government,1983
1983-094,2445586.45,1983-09-08,Delta 3924,-,D172,Satcom 2R,RCA-G,-,-,CC,LC17B,-,-,35809.0, ,    -, ,-,1.116,GSFC,OS,-,G/C,Sat GTO BO,MOR M-492-206-83-08,-,-,GTO,Thor,Delta 1,US,United States,Canaveral,,566.0,1983-10-10,35764.0,0.03,GEO/S,Communications,B,Government,1983
1983-098,2445600.43,1983-09-22,Delta 3920/PAM,-,D173,Galaxy 2,Galaxy II,-,-,CC,LC17A,-,-,35789.0, ,    -, ,-,1.219,GSFC,OS,-,G/C,Sat GTO OO,Desind,-,-,GTO,Thor,Delta 1,US,United States,Canaveral,,676.0,1983-10-23,35783.0,0.08,GEO/S,Communications,B,Government,1983
1984-005,2445722.83,1984-01-23,N-2,-,N-12(F),BS 2A,BS 2A,-,-,TNSC,N,-,-,35788.0, ,    -, ,-,0.693,NASDA,OS,-,G,Sat GTO OO,WWW-NASDA,-,-,GTO,Thor,Delta 2,J,Japan,Tanegashima,,346.0,1984-02-26,35784.0,0.31,GEO/S,Communications,C,Government,1984
1984-021,2445761.25,1984-03-01,Delta 3920,-,D174,Landsat 5,Landsat D',-,-,V,SLC2W,-,-,701.0, ,    -, ,-,1.998,GSFC,OS,-,G,Sat SSO L,LR840301,-,-,SSO,Thor,Delta 1,US,United States,Vandenberg,,1998.0,1984-04-01,694.0,98.25,LEO/S,Observation,C,Government,1984
1984-080,2445915.35,1984-08-02,N-2,-,N-13(F),GMS 3,GMS 3,-,-,TNSC,N,-,-,35793.0, ,    -, ,-,0.656,NASDA,OS,-,G,Sat GTO OO,WWW-NASDA,-,-,GTO,Thor,Delta 2,J,Japan,Tanegashima,,303.0,1984-09-07,35782.0,1.76,GEO/S,Observation,C,Government,1984
1984-088,2445929.12,1984-08-16,Delta 3924,-,D175,AMPTE,AMPTE-CCE,-,-,CC,LC17A,-,-,49675.0, ,    -, ,-,1.054,GSFC,OS,-,G,Sat HEO BO,APLTD,AIAA-85-1396,-,HEO,Thor,Delta 1,US,United States,Canaveral,,573.0,1984-09-18,1108.0,4.84,HEO,Science,C,Government,1984
1984-101,2445965.43,1984-09-21,Delta 3920/PAM,-,D176,Galaxy 3,Galaxy III,-,-,CC,LC17B,-,-,35854.0, ,    -, ,-,1.146,GSFC,OS,-,G/C,Sat GTO OO,Desind,-,-,GTO,Thor,Delta 1,US,United States,Canaveral,,603.0,1984-10-24,35719.0,0.13,GEO/S,Communications,B,Government,1984
1984-115,2446018.52,1984-11-14,Delta 3914,-,D177,NATO 3D,NATO 3D,-,-,CC,LC17A,-,-,35610.0, ,    -, ,-,0.68,GSFC,OS,-,G,Sat GTO OO,JCM,-,-,GTO,Thor,Delta 1,US,United States,Canaveral,,315.0,1984-12-16,35571.0,5.91,GEO/ID,Communications,D,Military,1984
1986-016,2446473.83,1986-02-12,N-2,-,N-14(F),BS 2B,BS 2b,-,-,TNSC,N,-,-,35815.0, ,    -, ,-,0.693,NASDA,OS,-,G,Sat GTO OO,WWW-NASDA,-,-,GTO,Thor,Delta 2,J,Japan,Tanegashima,,346.0,1986-05-15,35747.0,0.71,GEO/S,Communications,C,Government,1986
1986-F04,2446554.43,1986-05-03,Delta 3914,-,D178,GOES G,GOES G,-,-,CC,LC17A,-,-,,?,    -, ,-,0.736,GSFC,OF,S1E,G,Sat STO BO,AWST860512-20,-,Shortcircuit caused MECO,GTO,Thor,Delta 1,US,United States,Canaveral,,,,,,,,,Government,1986
1986-069,2446679.13,1986-09-05,Delta 3920,-,D180,USA 19 (SDIO D180),Payload Adapter System,-,-,CC,LC17B,-,-,691.0, ,    -, ,-,2.47,GSFC,OS,-,G,Sat LEO A,patrick.af.mil,-,-,LEO,Thor,Delta 1,US,United States,Canaveral,,1550.0,1986-09-12,207.0,39.06,LLEO/I,Tech Demo,D,Military,1986
1987-018,2446845.56,1987-02-19,N-2,(2),N-16(F),Momo,MOS-1,-,-,TNSC,N,-,-,912.0, ,    -, ,-,0.74,NASDA,OS,-,G,Sat SSO L,WWW-NASDA,-,-,SSO,Thor,Delta 2,J,Japan,Tanegashima,,740.0,1987-04-13,910.0,99.09,LEO/S,Observation,C,Government,1987
1987-022,2446853.46,1987-02-26,Delta 3924,-,D179,GOES 7,GOES H,-,-,CC,LC17A,-,-,35801.0, ,    -, ,-,0.84,GSFC,OS,-,G,Sat GTO BO,Desind,-,-,GTO,Thor,Delta 1,US,United States,Canaveral,,456.0,1987-03-31,35775.0,0.05,GEO/S,Observation,C,Government,1987
1987-029,2446875.43,1987-03-20,Delta 3920/PAM,-,D182,Palapa B2P,Palapa B2P,-,-,CC,LC17B,-,-,35807.0, ,    -, ,-,1.203,GSFC,OS,-,G/C,Sat GTO OO,Wire,-,-,GTO,Thor,Delta 1,US,United States,Canaveral,,660.0,1987-04-22,35769.0,0.04,GEO/S,Communications,B,Government,1987
1988-008,2447200.42,1988-02-08,Delta 3910,-,D181,USA 30 (SDIO D181),Canister Cluster,-,-,CC,LC17B,-,-,319.0, ,    -, ,-,2.75,GSFC,OS,-,G,Sat LEO A,patrick.af.mil,-,-,LEO,Thor,Delta 1,US,United States,Canaveral,,2500.0,1988-02-15,218.0,28.58,LLEO/I,Tech Demo,D,Military,1988
1989-013,2447572.27,1989-02-14,Delta 6925,-,D184,USA 35 (GPS II-1),Navstar GPS SVN 14,-,-,CC,LC17A,-,-,20271.0, ,    -, ,-,1.667,MDSSC,OS,-,CG,Sat MTO BO 1,Wire,-,-,MEO,Thor,Delta 2,US,United States,Canaveral,,776.0,1989-03-16,19858.0,55.12,MEO,Communications,D,Military,1989
1989-026,2447610.41,1989-03-24,Delta 3920-8,-,D183,USA 36 (Delta Star),Delta Star,-,-,CC,LC17B,-,-,501.0, ,    -, ,-,2.6,MDSSC,OS,-,CG,Sat LEO D,patrick.af.mil,-,-,LEO,Thor,Delta 1,US,United States,Canaveral,,2600.0,1989-04-23,483.0,47.68,LLEO/I,Tech Demo,D,Military,1989
1989-044,2447688.44,1989-06-10,Delta 6925,-,D185,USA 38 (GPS II-2),Navstar GPS SVN 13,-,-,CC,LC17A,-,-,20395.0, ,    -, ,-,1.667,MDSSC,OS,-,CG,Sat MTO BO 1,Cleary09,SFLT89-12-411,-,MEO,Thor,Delta 2,US,United States,Canaveral,,776.0,1989-07-11,19967.0,54.59,MEO,Communications,D,Military,1989
1989-064,2447756.75,1989-08-18,Delta 6925,-,D186,USA 42 (GPS II-3),Navstar GPS SVN 16,-,-,CC,LC17A,-,-,20246.0, ,    -, ,-,1.667,MDSSC,OS,-,CG,Sat MTO BO 1,AWST890828-21,-,-,MEO,Thor,Delta 2,US,United States,Canaveral,,776.0,1989-09-19,20113.0,54.92,MEO,Communications,D,Military,1989
1989-067,2447766.46,1989-08-27,Delta 4925-8,-,D187,Marcopolo 1,BSB R1,-,-,CC,LC17B,-,-,35799.0, ,    -, ,-,1.233,MDSSC,OS,-,CO,Sat GTO BO 1,AWST890904-24,-,-,GTO,Thor,Delta 1,US,United States,Canaveral,,690.0,1989-09-27,35780.0,0.09,GEO/S,Communications,B,Commercial,1989
1989-085,2447820.9,1989-10-21,Delta 6925,-,D188,USA 47 (GPS II-4),Navstar GPS SVN 19,-,-,CC,LC17A,-,-,20280.0, ,    -, ,-,1.668,MDSSC,OS,-,CG,Sat MTO BO 1,AWST891030-21,-,-,MEO,Thor,Delta 2,US,United States,Canaveral,,776.0,1989-11-21,20081.0,54.76,MEO,Communications,D,Military,1989
1989-089,2447849.11,1989-11-18,Delta 5920-8,-,D189,COBE,COBE,-,-,V,SLC2W,-,-,896.0, ,    -, ,-,2.206,GSFC,OS,-,CG,Sat SSO O,AWST891127-30,-,-,SSO,Thor,Delta 1,US,United States,Vandenberg,,2206.0,1989-12-19,886.0,99.02,LEO/S,Observation,C,Commercial,1989
1989-097,2447872.26,1989-12-11,Delta 6925,-,D190,USA 49 (GPS II-5),Navstar GPS SVN 17,-,-,CC,LC17B,-,-,20357.0, ,    -, ,-,1.668,MDSSC,OS,-,CG,Sat MTO BO 1,patrick.af.mil,-,-,MEO,Thor,Delta 2,US,United States,Canaveral,,776.0,1990-01-11,20009.0,54.95,MEO,Communications,D,Military,1989
1990-008,2447916.45,1990-01-24,Delta 6925,-,D191,USA 50 (GPS II-6),Navstar GPS SVN 18,-,-,CC,LC17A,-,-,20275.0, ,    -, ,-,1.668,MDSSC,OS,-,CG,Sat MTO BO 1,Wire,-,-,MEO,Thor,Delta 2,US,United States,Canaveral,,776.0,1990-02-25,20087.0,54.64,MEO,Communications,D,Military,1990
1990-015,2447937.18,1990-02-14,Delta 6920-8,-,D192,USA 51/52 (LACE/RME),LACE,-,-,CC,LC17B,-,-,544.0, ,    -, ,-,2.44,MDSSC,OS,-,CG,Sat LEO L,Wire,-,-,LEO,Thor,Delta 2,US,United States,Canaveral,,2440.0,1990-04-29,528.0,43.1,LLEO/I,Tech Demo,D,Military,1990
1990-025,2447976.61,1990-03-26,Delta 6925,-,D193,USA 54 (GPS II-7),Navstar GPS SVN 20,-,-,CC,LC17A,-,-,20269.0, ,    -, ,-,1.668,MDSSC,OS,-,CG,Sat MTO BO 1,Wire,-,-,MEO,Thor,Delta 2,US,United States,Canaveral,,776.0,1990-04-30,20089.0,55.07,MEO,Communications,D,Military,1990
1990-034,2447995.44,1990-04-13,Delta 6925-8,-,D194,Palapa B2R,Palapa B2R,-,-,CC,LC17B,-,-,35864.0, ,    -, ,-,1.203,MDSSC,OS,-,CO/OG,Sat GTO BO,Wire,-,-,GTO,Thor,Delta 2,US,United States,Canaveral,,660.0,1990-05-17,35800.0,0.05,GEO/D,Communications,B,Government,1990
1990-049,2448044.41,1990-06-01,Delta 6920-10,-,D195,ROSAT,ROSAT,-,-,CC,LC17A,-,-,584.0, ,    -, ,-,2.426,MDSSC,OS,-,CG,Sat LEO L,Wire,-,-,LEO,Thor,Delta 2,US,United States,Canaveral,,2426.0,1990-07-06,562.0,52.99,LLEO/I,Observation,C,Commercial,1990
1990-051,2448054.74,1990-06-12,Delta 4925-8,-,D196,Insat 1D,Insat 1D,-,-,CC,LC17B,-,-,35805.0, ,    -, ,-,1.19,MDSSC,OS,-,CO/OG,Sat GTO BO,Wire,-,-,GTO,Thor,Delta 1,US,United States,Canaveral,,1190.0,1990-07-13,35769.0,0.14,GEO/S,COM/MET,C,Government,1990
1990-068,2448105.74,1990-08-02,Delta 6925,-,D197,USA 63 (GPS II-8),Navstar GPS SVN 21,-,-,CC,LC17A,-,-,20434.0, ,    -, ,-,1.668,MDSSC,OS,-,CG,Sat MTO BO 1,Wire,-,-,MEO,Thor,Delta 2,US,United States,Canaveral,,776.0,1990-09-03,19932.0,54.71,MEO,Communications,D,Military,1990
1990-074,2448121.53,1990-08-18,Delta 6925,-,D198,Marcopolo 2,BSB R2,-,-,CC,LC17B,-,-,35858.0, ,    -, ,-,1.233,MDSSC,OS,-,CO,Sat GTO BO,Wire,-,-,GTO,Thor,Delta 2,US,United States,Canaveral,,690.0,1990-09-21,35717.0,0.3,GEO/S,Communications,B,Commercial,1990
1990-088,2448166.41,1990-10-01,Delta 6925,-,D199,USA 64 (GPS II-9),Navstar GPS SVN 15,-,-,CC,LC17A,-,-,20391.0, ,    -, ,-,1.668,MDSSC,OS,-,CG,Sat MTO BO 1,Wire,-,-,MEO,Thor,Delta 2,US,United States,Canaveral,,776.0,1990-10-31,19972.0,54.9,MEO,Communications,D,Military,1990
1990-093,2448195.47,1990-10-30,Delta 6925,-,D200,Inmarsat II F-1,INMARSAT II F-1,-,-,CC,LC17B,-,-,35869.0, ,    -, ,-,1.311,MDSSC,OS,-,CO/OG,Sat GTO BO,Wire,-,-,GTO,Thor,Delta 2,US,United States,Canaveral,,1310.0,1991-02-19,35701.0,2.41,GEO/S,Communications,C,Government,1990
1990-103,2448222.4,1990-11-26,Delta 7925,-,D201,USA 66 (GPS IIA-10),Navstar GPS SVN 23,-,-,CC,LC17A,-,-,20293.0, ,    -, ,-,1.882,MDSSC,OS,-,CG,Sat MTO BO 1,Wire,-,-,MEO,Thor,Delta 2,US,United States,Canaveral,,860.0,1990-12-30,20072.0,54.91,MEO,Communications,D,Military,1990
1991-001,2448264.54,1991-01-08,Delta 7925,-,D202,NATO 4A,NATO 4A,-,-,CC,LC17B,-,-,35662.0, ,    -, ,-,1.43,MDSSC,OS,-,CG,Sat GTO BO,patrick.af.mil,-,-,GTO,Thor,Delta 2,US,United States,Canaveral,,1430.0,1991-02-09,34919.0,4.25,GEO/ID,Communications,D,Military,1991
1991-018,2448324.46,1991-03-08,Delta 6925,-,D203,Inmarsat II F-2,INMARSAT II F-2,-,-,CC,LC17B,-,-,35811.0, ,    -, ,-,1.311,MDSSC,OS,-,CG,Sat GTO BO 1,Wire,-,-,GTO,Thor,Delta 2,US,United States,Canaveral,,1310.0,1991-04-18,35766.0,2.64,GEO/S,Communications,C,Commercial,1991
1991-028,2448359.51,1991-04-13,Delta 7925,-,D204,Spacenet 4,ASC 2,-,-,CC,LC17B,-,-,35799.0, ,    -, ,-,1.353,MDSSC,OS,-,CO,Sat GTO BO 1,Wire,-,-,GTO,Thor,Delta 2,US,United States,Canaveral,,705.0,1991-05-13,35773.0,0.23,GEO/S,Communications,B,Commercial,1991
1991-037,2448406.45,1991-05-29,Delta 7925,-,D205,Aurora 2,Satcom C-5,-,-,CC,LC17B,-,-,35798.0, ,    -, ,-,1.339,MDSSC,OS,-,CO,Sat GTO BO 1,Wire,-,-,GTO,Thor,Delta 2,US,United States,Canaveral,,688.0,1991-07-03,35770.0,0.06,GEO/S,Communications,B,Commercial,1991
1991-047,2448441.61,1991-07-04,Delta 7925,-,D206,USA 71 (GPS IIA-11),Navstar GPS SVN 24,-,-,CC,LC17A,-,-,20274.0, ,    -, ,-,1.957,MDSSC,OS,-,CG,Sat MTO BO 1,AWST910715-24,-,-,MEO,Thor,Delta 2,US,United States,Canaveral,,935.0,1991-08-14,20085.0,55.18,MEO,Communications,D,Military,1991
1992-009,2448676.44,1992-02-23,Delta 7925,-,D207,USA 79 (GPS IIA-12),Navstar GPS SVN 25,-,-,CC,LC17B,-,-,20343.0, ,    -, ,-,1.882,MDSSC,OS,-,CG,Sat MTO BO 1,Wire,-,-,MEO,Thor,Delta 2,US,United States,Canaveral,,860.0,1992-03-27,20018.0,54.7,MEO,Communications,D,Military,1992
1992-019,2448722.64,1992-04-10,Delta 7925,-,D208,USA 80 (GPS IIA-13),Navstar GPS SVN 28,-,-,CC,LC17B,-,-,20384.0, ,    -, ,-,1.882,MDSSC,OS,-,CG,Sat MTO BO 1,Wire,-,-,MEO,Thor,Delta 2,US,United States,Canaveral,,860.0,1992-05-12,19979.0,55.14,MEO,Communications,D,Military,1992
1992-027,2448756.53,1992-05-14,Delta 7925,-,D209,Palapa B4,Palapa B4,-,-,CC,LC17B,-,-,35799.0, ,    -, ,-,1.257,MDSSC,OS,-,CO,Sat GTO BO,Wire,-,-,GTO,Thor,Delta 2,US,United States,Canaveral,,713.0,1992-06-17,35777.0,0.16,GEO/S,Communications,B,Commercial,1992
1992-031,2448781.19,1992-06-07,Delta 6920-10,-,D210,EUVE,EUVE,-,-,CC,LC17A,-,-,527.0, ,    -, ,-,3.28,MDSSC,OS,-,CG,Sat LEO L,Wire,-,-,LEO,Thor,Delta 2,US,United States,Canaveral,,3280.0,1992-07-11,514.0,28.43,LLEO/I,Observation,C,Commercial,1992
1992-039,2448810.89,1992-07-07,Delta 7925,-,D211,USA 83 (GPS IIA-14),Navstar GPS SVN 26,-,-,CC,LC17B,-,-,20403.0, ,    -, ,-,1.882,MDSSC,OS,-,CG,Sat MTO BO 1,Wire,-,-,MEO,Thor,Delta 2,US,United States,Canaveral,,860.0,1992-08-06,19959.0,55.03,MEO,Communications,D,Military,1992
1992-044,2448828.1,1992-07-24,Delta 6925,-,D212,Geotail,Geotail,-,-,CC,LC17A,-,-,104552.0, ,    -, ,-,1.009,MDSSC,DS,-,CG/OG,Sat DSO BO,Wire,-,-,BEO,Thor,Delta 2,US,United States,Canaveral,,1009.0,1992-10-19,3906.0,22.35,VHEO,Science,C,Government,1992
1992-057,2448865.95,1992-08-31,Delta 7925,-,D213,Satcom C4,Satcom C-4,-,-,CC,LC17B,-,-,35808.0, ,    -, ,-,1.402,MDSSC,OS,-,CO,Sat GTO BO,Wire,-,-,GTO,Thor,Delta 2,US,United States,Canaveral,,772.0,1992-10-06,35764.0,0.11,GEO/S,Communications,B,Commercial,1992
1992-058,2448874.87,1992-09-09,Delta 7925,-,D214,USA 84 (GPS IIA-15),Navstar GPS SVN 27,-,-,CC,LC17A,-,-,20451.0, ,    -, ,-,1.882,MDSSC,OS,-,CG,Sat MTO BO 1,AWST920914-17,-,-,MEO,Thor,Delta 2,US,United States,Canaveral,,860.0,1992-10-11,19914.0,54.77,MEO,Communications,D,Military,1992
1992-066,2448907.91,1992-10-12,Delta 7925,-,D215,DFS 3,DFS 3,-,-,CC,LC17B,-,-,35790.0, ,    -, ,-,1.552,MDSSC,OS,-,CG/OG,Sat GTO BO,SN921019-11,-,-,GTO,Thor,Delta 2,US,United States,Canaveral,,1419.0,1992-11-13,35775.0,0.02,GEO/S,Communications,C,Government,1992
1992-079,2448949.5,1992-11-22,Delta 7925,-,D216,USA 85 (GPS IIA-16),Navstar GPS SVN 32,-,-,CC,LC17A,-,-,20290.0, ,    -, ,-,1.882,MDSSC,OS,-,CG,Sat MTO BO 1,SN921130-6,-,-,MEO,Thor,Delta 2,US,United States,Canaveral,,860.0,1992-12-23,20074.0,54.84,MEO,Communications,D,Military,1992
1992-089,2448975.43,1992-12-18,Delta 7925,-,D217,USA 87 (GPS IIA-17),Navstar GPS SVN 29,-,-,CC,LC17B,-,-,20326.0, ,    -, ,-,1.881,MDSSC,OS,-,CG,Sat MTO BO 1,Wire,-,-,MEO,Thor,Delta 2,US,United States,Canaveral,,860.0,1993-01-25,20037.0,54.77,MEO,Communications,D,Military,1992
1993-007,2449021.62,1993-02-03,Delta 7925,-,D218,USA 88 (GPS IIA-18),Navstar GPS SVN 22,-,-,CC,LC17A,-,-,20354.0, ,    -, ,-,1.882,MDSSC,OS,-,CG,Sat MTO BO 1,SN930208-,SPFLT35-89,-,MEO,Thor,Delta 2,US,United States,Canaveral,,860.0,1993-03-05,20007.0,54.87,MEO,Communications,D,Military,1993
1993-017,2449076.63,1993-03-30,Delta 7925,-,D219,USA 90 (GPS IIA-19),Navstar GPS SVN 31,-,-,CC,LC17A,-,-,20288.0, ,    -, ,-,1.912,MDSSC,OS,-,CG,Sat MTO BO 1,Wire,-,-,MEO,Thor,Delta 2,US,United States,Canaveral,,890.0,1993-05-02,20076.0,54.91,MEO,Communications,D,Military,1993
1993-032,2449120.5,1993-05-13,Delta 7925,-,D220,USA 91 (GPS IIA-20),Navstar GPS SVN 37,-,-,CC,LC17A,-,-,20327.0, ,    -, ,-,1.882,MDSSC,OS,-,CG,Sat MTO BO 1,Wire,-,-,MEO,Thor,Delta 2,US,United States,Canaveral,,860.0,1993-06-14,20033.0,54.95,MEO,Communications,D,Military,1993
1993-042,2449165.06,1993-06-26,Delta 7925,-,D221,USA 92 (GPS IIA-21),Navstar GPS SVN 39,-,-,CC,LC17A,-,-,20244.0, ,    -, ,-,1.882,MDSSC,OS,-,CG,Sat MTO BO 1,Wire,-,-,MEO,Thor,Delta 2,US,United States,Canaveral,,860.0,1993-07-27,20120.0,54.73,MEO,Communications,D,Military,1993
1993-054,2449230.03,1993-08-30,Delta 7925,-,D222,USA 94 (GPS IIA-22),Navstar GPS SVN 35,-,-,CC,LC17B,-,-,20257.0, ,    -, ,-,1.902,MDSSC,OS,-,CG,Sat MTO BO 1,Wire,-,-,MEO,Thor,Delta 2,US,United States,Canaveral,,860.0,1993-10-01,20109.0,54.89,MEO,Communications,D,Military,1993
1993-068,2449287.21,1993-10-26,Delta 7925,-,D223,USA 96 (GPS IIA-23),Navstar GPS SVN 34,-,-,CC,LC17B,-,-,20260.0, ,    -, ,-,1.882,MDSSC,OS,-,CG,Sat MTO BO 1,Wire,-,-,MEO,Thor,Delta 2,US,United States,Canaveral,,860.0,1993-11-25,20104.0,55.08,MEO,Communications,D,Military,1993
1993-076,2449329.53,1993-12-08,Delta 7925,-,D224,USA 98 (NATO 4B),NATO 4B,-,-,CC,LC17A,-,-,36645.0, ,    -, ,-,1.431,MDSSC,OS,-,CG,Sat GTO BO,Wire,-,-,GTO,Thor,Delta 2,US,United States,Canaveral,,1430.0,1994-01-09,35117.0,4.13,GEO/ID,Communications,D,Military,1993
1994-013,2449403.49,1994-02-19,Delta 7925-8,-,D225,Galaxy 1R,Galaxy 1RR,-,-,CC,LC17B,-,-,35796.0, ,    -, ,-,1.393,MDSSC,OS,-,CO,Sat GTO OO,Wire,Rigg,-,GTO,Thor,Delta 2,US,United States,Canaveral,,763.0,1994-03-24,35774.0,0.05,GEO/S,Communications,B,Commercial,1994
1994-016,2449421.65,1994-03-10,Delta 7925,-,D226,USA 100 (GPS IIA-24),Navstar GPS SVN 36,-,-,CC,LC17A,-,-,20315.0, ,    -, ,-,1.932,MDSSC,OS,-,CG,Sat MTO BO 1,Wire,-,-,MEO,Thor,Delta 2,US,United States,Canaveral,,860.0,1994-04-15,19986.0,54.91,MEO,Communications,D,Military,1994
1994-071,2449657.9,1994-11-01,Delta 7925-10,-,D227,Wind,WIND,-,-,CC,LC17B,-,-,470310.0, ,    -, ,-,1.215,MDSSC,DS,-,CG,Sat DSO BO,Wire,-,-,BEO,Thor,Delta 2,US,United States,Canaveral,,1195.0,1994-11-01,186.0,28.75,CLO,Science,C,Commercial,1994
1995-041,2449934.97,1995-08-05,Delta 7925,-,D228,Koreasat 1,Koreasat 1,-,-,CC,LC17B,-,-,35793.0, ,    -, ,-,1.464,MDSSC,OS75,S0S*,CO,Sat GTO BO,Rigg,-,SRM sep failed,GTO,Thor,Delta 2,US,United States,Canaveral,,799.0,1995-09-04,35777.0,0.06,GEO/S,Communications,C,Commercial,1995
1995-059,2450026.1,1995-11-04,Delta 7920-10,-,D229,Radarsat,Radarsat,-,-,V,SLC2W,-,-,792.0, ,    -, ,-,2.75,MDSSC,OS,-,CG/OG,Sat SSO B,Rigg,-,-,SSO,Thor,Delta 2,US,United States,Vandenberg,,2750.0,1995-12-04,789.0,98.58,LEO/S,IMG-R,C,Government,1995
1995-074,2450082.08,1995-12-30,Delta 7920-10,-,D230,XTE,XTE,-,-,CC,LC17A,-,-,583.0, ,    -, ,-,2.955,MDSSC,OS,-,CG,Sat LEO L,Wire,-,-,LEO,Thor,Delta 2,US,United States,Canaveral,,2955.0,1996-01-29,564.0,22.98,LLEO/E,Observation,C,Commercial,1995
1996-003,2450096.97,1996-01-14,Delta 7925,-,D231,Koreasat 2,Koreasat 2,-,-,CC,LC17B,-,-,35794.0, ,    -, ,-,1.459,MDSSC,OS,-,CO,Sat GTO LO,Wire,-,-,GTO,Thor,Delta 2,US,United States,Canaveral,,792.0,1996-02-25,35786.0,0.01,GEO/S,Communications,C,Commercial,1996
1996-008,2450131.36,1996-02-17,Delta 7925-8,-,D232,NEAR,NEAR,-,-,CC,LC17B,-,-,-43602.0, ,    -, ,-,0.805,MDSSC,DS,-,CG,Sat EEO BE,Wire,-,-,BEO,Thor,Delta 2,US,United States,Canaveral,,805.0,1996-02-17,184.0,28.5,EEO,Other,C,Commercial,1996
1996-013,2450137.98,1996-02-24,Delta 7925-10,-,D233,Polar,Polar,-,-,V,SLC2W,-,-,50591.0, ,    -, ,-,1.274,MDSSC,OS,-,CG,Sat HEO BO,Rigg,-,-,HEO,Thor,Delta 2,US,United States,Vandenberg,,1274.0,1996-03-25,5157.0,85.93,HEO,Science,C,Commercial,1996
1996-019,2450170.51,1996-03-28,Delta 7925,-,D234,USA 117 (GPS IIA-25),Navstar GPS SVN 33,-,-,CC,LC17B,-,-,20284.0, ,    -, ,-,1.882,MDSSC,OS,-,CG,Sat MTO BO 1,Rigg,-,-,MEO,Thor,Delta 2,US,United States,Canaveral,,860.0,1996-04-27,20080.0,54.7,MEO,Communications,D,Military,1996
1996-024,2450198.02,1996-04-24,Delta 7920-10,-,D235,MSX,MSX,-,-,V,SLC2W,-,-,906.0, ,    -, ,-,2.812,MDSSC,OS,-,CG,Sat SSO L,Wire,-,-,SSO,Thor,Delta 2,US,United States,Vandenberg,,2782.0,1996-05-25,896.0,99.38,LEO/S,TECH/AST,D,Military,1996
1996-033,2450227.55,1996-05-24,Delta 7925,-,D236,Galaxy 9,Galaxy 9,-,-,CC,LC17B,-,-,35794.0, ,    -, ,-,1.4,MDSSC,OS,-,CO,Sat GTO LO,Rigg,-,-,GTO,Thor,Delta 2,US,United States,Canaveral,,770.0,1996-06-23,35777.0,0.04,GEO/S,Communications,B,Commercial,1996
1996-041,2450280.53,1996-07-16,Delta 7925,-,D237,USA 126 (GPS IIA-26),Navstar GPS SVN 40,-,-,CC,LC17A,-,-,20227.0, ,    -, ,-,1.882,MDSSC,OS,-,CG,Sat MTO BO 1,Wire,-,-,MEO,Thor,Delta 2,US,United States,Canaveral,,860.0,1996-08-15,20134.0,55.04,MEO,Communications,D,Military,1996
1996-056,2450338.87,1996-09-12,Delta 7925,-,D238,USA 128 (GPS IIA-27),Navstar GPS SVN 30,-,-,CC,LC17A,-,-,20305.0, ,    -, ,-,1.882,MDSSC,OS,-,CG,Sat MTO BO 1,Wire,-,-,MEO,Thor,Delta 2,US,United States,Canaveral,,860.0,1996-10-17,20058.0,54.71,MEO,Communications,D,Military,1996
1996-062,2450395.21,1996-11-07,Delta 7925,-,D239,MGS,MGS,-,-,CC,LC17A,-,-,-97283.0, ,    -, ,-,1.062,MDSSC,DS,-,CG,Sat EEO OE,Wire,-,-,BEO,Thor,Delta 2,US,United States,Canaveral,,1062.0,1996-11-07,184.0,28.46,EEO,Other,C,Commercial,1996
1996-068,2450421.79,1996-12-04,Delta 7925,-,D240,MPF,MPF Lander,-,-,CC,LC17B,-,-,-93761.0, ,    -, ,-,0.88,MDSSC,DS,-,CG,Sat EEO OE,Wire,-,-,BEO,Thor,Delta 2,US,United States,Canaveral,,398.0,1996-12-04,184.0,28.78,EEO,Other,C,Commercial,1996
1997-F01,2450466.19,1997-01-17,Delta 7925,-,D241,GPS IIR-1,Navstar GPS SVN 42,-,-,CC,LC17A,-,-,, ,    -, ,-,2.033,MDSSC,OF,S0P,CG,Sat MTO BO 1,Wire,-,SRM exploded,MEO,Thor,Delta 2,US,United States,Canaveral,,,,,,,,,Commercial,1997
1997-020,2450574.12,1997-05-05,Delta 7920-10C,-,D242,Iridium MS-1A,Iridium MS-1A,-,-,V,SLC2W,-,-,780.0, ,    -, ,-,3.31,MDSSC,OS,-,CO,Sat LEO L,AWST970512-25,-,-,LEO,Thor,Delta 2,US,United States,Vandenberg,,3310.0,1997-06-04,774.0,86.4,LEO/P,Communications,B,Commercial,1997
1997-025,2450589.44,1997-05-20,Delta 7925,-,D243,Thor II,Thor 2A,-,-,CC,LC17A,-,-,35818.0, ,    -, ,-,1.467,MDSSC,OS,-,CO,Sat GTO LO,Wire,-,-,GTO,Thor,Delta 2,US,United States,Canaveral,,924.0,1997-06-19,35757.0,0.01,GEO/S,Communications,B,Commercial,1997
1997-034,2450639.04,1997-07-09,Delta 7920-10C,-,D244,Iridium MS-2,Iridium MS-2,-,-,V,SLC2W,-,-,780.0, ,    -, ,-,3.31,MDSSC,OS85,FF,CO,Sat LEO L,Wire,-,Fairing blanket damaged 1 payloa,LEO,Thor,Delta 2,US,United States,Vandenberg,,3310.0,1997-08-08,774.0,86.4,LEO/P,Communications,B,Commercial,1997
1997-035,2450652.65,1997-07-23,Delta 7925,-,D245,USA 132 (GPS IIR-2),Navstar GPS SVN 43,-,-,CC,LC17A,-,-,20247.0, ,    -, ,-,2.033,MDSSC,OS,-,CG,Sat MTO BO 1,Wire,-,-,MEO,Thor,Delta 2,US,United States,Canaveral,,1077.0,1997-08-22,20123.0,54.93,MEO,Communications,D,Military,1997
1997-043,2450681.53,1997-08-21,Delta 7920-10C,-,D246,Iridium MS-3,Iridium MS-3,-,-,V,SLC2W,-,-,780.0, ,    -, ,-,3.31,BLS,OS,-,CO,Sat LEO L,Seesat-L,-,-,LEO,Thor,Delta 2,US,United States,Vandenberg,,3310.0,1997-09-20,774.0,86.41,LEO/P,Communications,B,Commercial,1997
1997-045,2450686.11,1997-08-25,Delta 7920-8,-,D247,ACE,Advanced Composition Exp,-,-,CC,LC17A,-,-,1281969.0, ,    -, ,-,0.785,BLS,DS,-,CG,Sat EEO O,Wire,-,-,BEO,Thor,Delta 2,US,United States,Canaveral,,785.0,1997-08-25,177.0,28.7,CLO,Science,C,Commercial,1997
1997-056,2450718.56,1997-09-27,Delta 7920-10C,-,D248,Iridium MS-4,Iridium MS-4,-,-,V,SLC2W,-,-,778.0, ,    -, ,-,3.31,BLS,OS,-,CO,Sat LEO L,Wire,-,-,LEO,Thor,Delta 2,US,United States,Vandenberg,,3310.0,1997-10-27,775.0,86.39,LEO/P,Communications,B,Commercial,1997
1997-067,2450758.52,1997-11-06,Delta 7925,-,D249,USA 134 (GPS IIA-28),Navstar GPS SVN 38,-,-,CC,LC17A,-,-,20449.0, ,    -, ,-,1.882,BLS,OS,-,CG,Sat MTO BO 1,Wire,-,-,MEO,Thor,Delta 2,US,United States,Canaveral,,860.0,1997-12-13,19912.0,54.9,MEO,Communications,D,Military,1997
1997-069,2450761.57,1997-11-09,Delta 7920-10C,-,D250,Iridium MS-5,Iridium MS-5,-,-,V,SLC2W,-,-,779.0, ,    -, ,-,3.31,BLS,OS,-,CO,Sat LEO L,Wire,-,-,LEO,Thor,Delta 2,US,United States,Vandenberg,,3310.0,1997-12-09,776.0,86.4,LEO/P,Communications,B,Commercial,1997
1997-082,2450803.05,1997-12-20,Delta 7920-10C,-,D251,Iridium MS-6,Iridium MS-6,-,-,V,SLC2W,-,-,779.0, ,    -, ,-,3.31,BLS,OS,-,CO,Sat LEO L,Wire,-,-,LEO,Thor,Delta 2,US,United States,Vandenberg,,3310.0,1998-01-19,775.0,86.4,LEO/P,Communications,B,Commercial,1997
1998-002,2450823.52,1998-01-10,Delta 7925-9.5,-,D252,Skynet 4D,Skynet 4D,-,-,CC,LC17B,-,-,35813.0, ,    -, ,-,1.49,BLS,OS,-,CG/OG,Sat GTO LO,Wire,-,-,GTO,Thor,Delta 2,US,United States,Canaveral,,823.0,1998-02-12,35672.0,4.15,GEO/ID,Communications,D,Military,1998
1998-008,2450859.11,1998-02-14,Delta 7420-10C,-,D253,Globalstar 1-4,Globalstar D-1,-,-,CC,LC17A,-,-,1266.0, ,    -, ,-,1.8,BLS,OS,-,CO,Sat LEO L,Wire,-,-,LEO,Thor,Delta 2,US,United States,Canaveral,,1800.0,1998-03-17,1248.0,52.01,LEO/I,Communications,B,Commercial,1998
1998-010,2450863.08,1998-02-18,Delta 7920-10C,-,D254,Iridium MS-7,Iridium MS-7,-,-,V,SLC2W,-,-,781.0, ,    -, ,-,3.31,BLS,OS,-,CO,Sat LEO L,Wire,-,-,LEO,Thor,Delta 2,US,United States,Vandenberg,,3310.0,1998-03-20,774.0,86.39,LEO/P,Communications,B,Commercial,1998
1998-019,2450902.75,1998-03-30,Delta 7920-10C,-,D255,Iridium MS-8,Iridium MS-8,-,-,V,SLC2W,-,-,780.0, ,    -, ,-,3.31,BLS,OS,-,CO,Sat LEO L,Rigg,-,-,LEO,Thor,Delta 2,US,United States,Vandenberg,,3310.0,1998-04-29,774.0,86.39,LEO/P,Communications,B,Commercial,1998
1998-023,2450928.44,1998-04-24,Delta 7420-10C,-,D256,Globalstar 5-8,Globalstar D-2,-,-,CC,LC17A,-,-,1432.0, ,    -, ,-,1.8,BLS,OS,-,CO,Sat LEO L,Wire,-,-,LEO,Thor,Delta 2,US,United States,Canaveral,,1800.0,1998-05-24,1394.0,52.03,LEO/I,Communications,B,Commercial,1998
1998-032,2450951.39,1998-05-17,Delta 7920-10C,-,D257,Iridium MS-9,Iridium MS-9,-,-,V,SLC2W,-,-,779.0, ,    -, ,-,3.31,BLS,OS,-,CO,Sat LEO L,Wire,-,-,LEO,Thor,Delta 2,US,United States,Vandenberg,,3310.0,1998-06-16,776.0,86.39,LEO/P,Communications,B,Commercial,1998
1998-035,2450974.52,1998-06-10,Delta 7925-9.5,-,D258,Thor III,Thor 3,-,-,CC,LC17A,-,-,35819.0, ,    -, ,-,1.451,BLS,OS,-,CO,Sat GTO BO,Wire,-,-,GTO,Thor,Delta 2,US,United States,Canaveral,,821.0,1998-07-13,35753.0,0.13,GEO/S,Communications,B,Commercial,1998
1998-F03,2451052.55,1998-08-27,Delta 8930,-,D259,Galaxy X,Galaxy X,-,-,CC,LC17B,-,-,,?,    -, ,-,3.876,BLS,OF,S1G,CO,Sat GTO O,Wire,-,Roll control instability,GTO,Thor,Delta 3,US,United States,Canaveral,,,,,,,,,Commercial,1998
1998-051,2451065.38,1998-09-08,Delta 7920-10C,-,D260,Iridium MS-10,Iridium MS-10,-,-,V,SLC2W,-,-,708.0, ,    -, ,-,3.31,BLS,OS,-,CO,Sat LEO L,Wire,-,-,LEO,Thor,Delta 2,US,United States,Vandenberg,,3310.0,1998-10-08,704.0,86.52,LEO/P,Communications,B,Commercial,1998
1998-061,2451111.01,1998-10-24,Delta 7326-9.5,-,D261,Deep Space 1,Deep Space 1,-,-,CC,SLC17A,-,-,-267640.0, ,    -, ,-,0.511,BLS,DS,-,CG,Sat EEO BO,Wire,-,-,BEO,Thor,Delta 2,US,United States,Canaveral,,511.0,1998-10-24,185.0,28.5,EEO,Other,C,Commercial,1998
1998-066,2451124.07,1998-11-06,Delta 7920-10C,-,D262,Iridium MS-11,Iridium MS-11,-,-,V,SLC2W,-,-,539.0, ,    -, ,-,3.31,BLS,OS,-,CO,Sat LEO L,Wire,-,-,LEO,Thor,Delta 2,US,United States,Vandenberg,,3310.0,1998-12-08,512.0,85.4,LLEO/P,Communications,B,Commercial,1998
1998-068,2451140.5,1998-11-22,Delta 7925-9.5,-,D263,BONUM-1,BONUM-1,-,-,CC,SLC17B,-,-,35787.0, ,    -, ,-,1.425,BLS,OS,-,CO,Sat GTO LO,Wire,-,-,GTO,Thor,Delta 2,US,United States,Canaveral,,795.0,1998-12-23,35783.0,0.07,GEO/S,Communications,B,Commercial,1998
1998-073,2451159.28,1998-12-11,Delta 7425-9.5,-,D264,Mars Climate Orbiter,MCO,-,-,CC,SLC17A,-,-,-86038.0, ,    -, ,-,0.629,BLS,DS,-,CG,Sat EEO BE,Wire,-,-,BEO,Thor,Delta 2,US,United States,Canaveral,,629.0,1998-12-11,187.0,28.31,EEO,Other,C,Commercial,1998
1999-001,2451182.35,1999-01-03,Delta 7425-9.5,-,D265,Mars Polar Lander,MPL,-,-,CC,SLC17B,-,-,-84447.0, ,    -, ,-,0.583,BLS,DS,-,CG,Sat EEO OE,Wire,-,-,BEO,Thor,Delta 2,US,United States,Canaveral,,354.0,1999-01-03,185.0,28.43,EEO,Other,C,Commercial,1999
1999-003,2451217.38,1999-02-07,Delta 7426-9.5,-,D266,Stardust,Stardust,-,-,CC,SLC17A,-,-,-43632.0, ,    -, ,-,0.385,BLS,DS,-,CG,Sat EEO BE,Wire,-,-,BEO,Thor,Delta 2,US,United States,Canaveral,,385.0,1999-02-07,224.0,28.49,EEO,Other,C,Commercial,1999
1999-008,2451232.94,1999-02-23,Delta 7920-10,-,D267,ARGOS,P91-1,-,-,V,SLC2W,-,-,845.0, ,    -, ,-,2.612,BLS,OS,-,CG,Sat SSO L,Wire,-,-,SSO,Thor,Delta 2,US,United States,Vandenberg,,2612.0,1999-03-25,828.0,98.73,LEO/S,Science,C,Commercial,1999
1999-020,2451284.27,1999-04-15,Delta 7920-10,-,D268,Landsat 7,Landsat 7,-,-,V,SLC2W,-,-,698.0, ,    -, ,-,2.101,BLS,OS,-,CG,Sat SSO L,Wire,-,-,SSO,Thor,Delta 2,US,United States,Vandenberg,,2101.0,1999-05-15,687.0,98.22,LEO/S,Observation,C,Commercial,1999
1999-024,2451303.54,1999-05-05,Delta 8930,-,D269,Orion 3,Orion 3,-,-,CC,SLC17B,-,-,1317.0, ,    -, ,-,4.3,BLS,OF40,S2P2,CO,Sat GTO O,Wire,-,Early shutdown,GTO,Thor,Delta 3,US,United States,Canaveral,,4300.0,1999-06-04,421.0,29.06,LEO/I,Communications,B,Commercial,1999
1999-031,2451340.08,1999-06-10,Delta 7420-10C,-,D270,Globalstar-3,Globalstar D-3,-,-,CC,SLC17B,-,-,1413.0, ,    -, ,-,1.8,BLS,OS,-,CO,Sat LEO L,Wire,-,-,LEO,Thor,Delta 2,US,United States,Canaveral,,1800.0,1999-07-11,1413.0,52.0,LEO/I,Communications,B,Commercial,1999
1999-035,2451354.16,1999-06-24,Delta 7320-10,-,D271,FUSE,Far UV Spec. Explorer,-,-,CC,SLC17A,-,-,770.0, ,    -, ,-,1.13,BLS,OS,-,CG,Sat LEO L,Wire,-,-,LEO,Thor,Delta 2,US,United States,Canaveral,,1130.0,1999-07-24,753.0,24.98,LEO/E,Observation,C,Commercial,1999
1999-037,2451369.87,1999-07-10,Delta 7420-10C,-,D272,Globalstar-4,Globalstar D-4,-,-,CC,SLC17B,-,-,1413.0, ,    -, ,-,1.8,BLS,OS,-,CO,Sat LEO L,Wire,-,-,LEO,Thor,Delta 2,US,United States,Canaveral,,1800.0,1999-08-09,1413.0,52.0,LEO/I,Communications,B,Commercial,1999
1999-041,2451384.82,1999-07-25,Delta 7420-10C,-,D273,Globalstar-5,Globalstar D-5,-,-,CC,SLC17A,-,-,1414.0, ,    -, ,-,1.8,BLS,OS,-,CO,Sat LEO L,Wire,-,-,LEO,Thor,Delta 2,US,United States,Canaveral,,1800.0,1999-08-24,1412.0,52.0,LEO/I,Communications,B,Commercial,1999
1999-043,2451407.69,1999-08-17,Delta 7420-10C,-,D274,Globalstar-6,Globalstar D-6,-,-,CC,SLC17B,-,-,1414.0, ,    -, ,-,1.8,BLS,OS,-,CO,Sat LEO L,Wire,-,-,LEO,Thor,Delta 2,US,United States,Canaveral,,1800.0,1999-09-16,1412.0,52.01,LEO/I,Communications,B,Commercial,1999
1999-055,2451459.04,1999-10-07,Delta 7925-9.5,-,D275,USA 145 (GPS IIR-3),Navstar GPS SVN 46,-,-,CC,SLC17A,-,-,20268.0, ,    -, ,-,2.033,BLS,OS,-,CG,Sat MTO BO 1,Wire,-,-,MEO,Thor,Delta 2,US,United States,Canaveral,,1077.0,1999-11-10,20096.0,53.04,MEO,Communications,D,Military,1999
2000-008,2451583.39,2000-02-08,Delta 7420-10C,-,D276,Globalstar-7,Globalstar D-7,-,-,CC,SLC17B,-,-,931.0, ,    -, ,-,1.8,BLS,OS,-,CO,Sat LEO L,Wire,-,-,LEO,Thor,Delta 2,US,United States,Canaveral,,1800.0,2000-03-09,913.0,52.0,LEO/I,Communications,B,Commercial,2000
2000-017,2451629.36,2000-03-25,Delta 7326-9.5,-,D277,IMAGE,IMAGE,-,-,V,SLC2W,-,-,45925.0, ,    -, ,-,0.496,BLS,OS,-,CG,Sat HEO OO,Wire,-,-,HEO,Thor,Delta 2,US,United States,Vandenberg,,494.0,2000-04-26,1055.0,89.83,HEO,Science,C,Commercial,2000
2000-025,2451675.58,2000-05-11,Delta 7925-9.5,-,D278,USA 150 (GPS IIR-4),Navstar GPS SVN 51,-,-,CC,SLC17A,-,-,20234.0, ,    -, ,-,2.033,BLS,OS,-,CG,Sat MTO BO 1,Wire,-,-,MEO,Thor,Delta 2,US,United States,Canaveral,,1077.0,2000-06-11,20133.0,54.9,MEO,Communications,D,Military,2000
2000-040,2451741.89,2000-07-16,Delta 7925-9.5,-,D279,USA 151 (GPS IIR-5),Navstar GPS SVN 44,-,-,CC,SLC17A,-,-,20427.0, ,    -, ,-,2.033,BLS,OS,-,CG,Sat MTO BO 1,Wire,-,-,MEO,Thor,Delta 2,US,United States,Canaveral,,1077.0,2000-07-27,20184.0,55.06,MEO,Communications,D,Military,2000
2000-048,2451779.96,2000-08-23,Delta 8930,-,D280,DM-F3,DM-F3,-,-,CC,SLC17B,-,-,20629.0, ,    -, ,-,4.348,BLS,OS80,S2U2,CO,Sat GTO O,Wire,-,Underperformed,GTO,Thor,Delta 3,US,United States,Canaveral,,4348.0,2000-08-26,187.0,27.63,HEO,Tech Demo,B,Commercial,2000
2000-071,2451859.22,2000-11-10,Delta 7925-9.5,-,D281,USA 154 (GPS IIR-6),Navstar GPS SVN 41,-,-,CC,SLC17A,-,-,20498.0, ,    -, ,-,2.033,BLS,OS,-,CG,Sat MTO BO 1,Wire,-,-,MEO,Thor,Delta 2,US,United States,Canaveral,,1077.0,2000-11-13,20177.0,55.06,MEO,Communications,D,Military,2000
2000-075,2451870.27,2000-11-21,Delta 7320-10,-,D282,EO-1/SAC-C,Earth Orbiter 1,-,-,V,SLC2W,-,-,729.0, ,    -, ,-,1.247,BLS,OS,-,CG/G+OG,Sat SSO B,Wire,-,-,SSO,Thor,Delta 2,US,United States,Vandenberg,,1061.0,2000-11-21,682.0,98.28,LEO/S,Observation,C,Government,2000
2001-004,2451939.83,2001-01-30,Delta 7925-9.5,-,D283,USA 156 (GPS IIR-7),Navstar GPS SVN 54,-,-,CC,SLC17A,-,-,20266.0, ,    -, ,-,2.033,BLS,OS,-,CG,Sat MTO BO 1,Wire,-,-,MEO,Thor,Delta 2,US,United States,Canaveral,,1077.0,2001-02-02,20104.0,55.0,MEO,Communications,D,Military,2001
2001-013,2452007.13,2001-04-07,Delta 7925-9.5,-,D284,2001 Mars Odyssey,2001 Mars Odyssey,-,-,CC,SLC17A,-,-,-87213.0, ,    -, ,-,0.725,BLS,DS,-,CG,Sat EEO OE,Wire,-,-,BEO,Thor,Delta 2,US,United States,Canaveral,,725.0,2001-04-07,185.0,51.83,EEO,Other,C,Commercial,2001
2001-020,2452048.24,2001-05-18,Delta 7925-9.5,-,D285,USA 158 (GeoLITE),GeoLITE,NROL-17,-,CC,SLC17B,-,-,35800.0, ,    -, ,-,1.87,BLS,OS,-,CG,Sat GTO OO,Wire,-,-,GTO,Thor,Delta 2,US,United States,Canaveral,,1870.0,2001-07-01,35780.0,1.0,GEO/S,Tech Demo,D,Military,2001
2001-027,2452091.32,2001-06-30,Delta 7425-10,-,D286,MAP,Microwave Anisotropy Pro,-,-,CC,SLC17B,-,-,347874.0, ,    -, ,-,0.84,BLS,DS,-,CG,Sat DSO OO,Wire,-,-,BEO,Thor,Delta 2,US,United States,Canaveral,,840.0,2001-07-10,3144.0,28.31,CLO,Observation,C,Commercial,2001
2001-034,2452130.18,2001-08-08,Delta 7326-9.5,-,D287,Genesis,Genesis,-,-,CC,SLC17A,-,-,1225640.0, ,    -, ,-,0.856,BLS,DS,-,CG,Sat EEO BO,Wire,-,-,BEO,Thor,Delta 2,US,United States,Canaveral,,856.0,2001-08-10,189.0,28.7,CLO,Other,C,Commercial,2001
2001-047,2452201.29,2001-10-18,Delta 7320-10,-,D288,QuickBird 2,QuickBird,-,-,V,SLC2W,-,-,465.0, ,    -, ,-,1.028,BLS,OS,-,CO,Sat SSO P,spaceflightnow.com,-,-,SSO,Thor,Delta 2,US,United States,Vandenberg,,1028.0,2001-10-19,461.0,97.22,LLEO/S,Observation,B,Commercial,2001
2001-055,2452251.13,2001-12-07,Delta 7920-10,-,D289,Jason/TIMED,Jason,-,-,V,SLC2W,-,-,1328.0, ,    -, ,-,1.273,BLS,OS,-,CG,Sat LEO L,spaceflightnow.com,-,-,LEO,Thor,Delta 2,US,United States,Vandenberg,,1087.0,2001-12-09,1320.0,66.05,LEO/I,Science,C,Commercial,2001
2002-005,2452317.24,2002-02-11,Delta 7920-10C,-,D290,Iridium IS-1,Iridium IS-1,-,-,V,SLC2W,-,-,644.0, ,    -, ,-,3.275,BLS,OS,-,CO,Sat LEO L,spaceflightnow.com,-,-,LEO,Thor,Delta 2,US,United States,Vandenberg,,3275.0,2002-02-18,629.0,86.57,LEO/P,Communications,B,Commercial,2002
2002-022,2452398.91,2002-05-04,Delta 7920-10L,-,D291,Aqua,EOS PM-1,-,-,V,SLC2W,-,-,686.0, ,    -, ,-,3.078,BLS,OS,-,CG,Sat SSO L,spaceflightnow.com,-,-,SSO,Thor,Delta 2,US,United States,Vandenberg,,3078.0,2002-05-14,673.0,98.18,LEO/S,Observation,C,Commercial,2002
2002-034,2452458.78,2002-07-03,Delta 7425-9.5,-,D292,CONTOUR,Contour,-,-,CC,SLC17A,-,-,106692.0, ,    -, ,-,0.938,BLS,DS,-,CG,Sat DSO PO,spaceflightnow.com,-,-,BEO,Thor,Delta 2,US,United States,Canaveral,,435.0,2002-07-10,204.0,29.87,VHEO,Other,C,Commercial,2002
2002-051,2452599.44,2002-11-20,"Delta 4M+(4,2)",-,D4-1/D293,Eutelsat W5,Eutelsat W5,-,-,CC,SLC37B,-,-,35796.0, ,    -, ,-,3.17,BLS,OS,-,C,Sat GTO O,Wire,-,-,GTO,Delta4,Delta 4M,US,United States,Canaveral,,3170.0,2002-12-04,35783.0,0.11,GEO/S,Communications,B,Commercial,2002
2003-002,2452652.53,2003-01-13,Delta 7320-10,-,D294,ICESAT/Chipsat,Icesat,-,-,V,SLC2W,-,-,602.0, ,    -, ,-,1.069,BLS,OS,-,CG,Sat LEO L,spaceflightnow.com,-,-,LEO,Thor,Delta 2,US,United States,Vandenberg,,1019.0,2003-02-02,585.0,94.01,LLEO/P,Science,C,Commercial,2003
2003-005,2452669.25,2003-01-29,Delta 7925-9.5,-,D295,USA 166 (GPS IIR-8),Navstar GPS SVN 56,-,-,CC,SLC17B,-,-,20344.0, ,    -, ,-,2.061,BLS,OS,-,CG,Sat MTO BO 1,spaceflightnow.com,-,-,MEO,Thor,Delta 2,US,United States,Canaveral,,1105.0,2003-02-01,20155.0,55.06,MEO,Communications,D,Military,2003
2003-008,2452709.54,2003-03-11,Delta 4M,-,D4-2/D296/IABS-10,USA 167 (DSCS 3A-3),DSCS III A-3/IABS,-,-,CC,SLC37B,-,-,35800.0, ,    -, ,-,1.244,BLS,OS,-,CG/G,Sat GTO O,Wire,-,-,GTO,Delta4,Delta 4M,US,United States,Canaveral,,1244.0,2003-03-13,35780.0,1.0,GEO/S,COM*,D,Military,2003
2003-010,2452730.42,2003-03-31,Delta 7925-9.5,-,D297,USA 168 (GPS IIR-9),Navstar GPS SVN 45,-,-,CC,SLC17A,-,-,20433.0, ,    -, ,-,2.033,BLS,OS,-,CG,Sat MTO BO 1,spaceflightnow.com,-,-,MEO,Thor,Delta 2,US,United States,Canaveral,,1077.0,2003-04-03,20063.0,54.96,MEO,Communications,D,Military,2003
2003-027,2452801.25,2003-06-10,Delta 7925-9.5,-,D298,MER-A,Mars Exploration Rover 2,-,-,CC,SLC17A,-,-,-103072.0, ,    -, ,-,1.064,BLS,DS,-,CG,Sat EEO BO,spaceflightnow.com,-,-,BEO,Thor,Delta 2,US,United States,Canaveral,,174.0,2003-06-10,185.0,28.46,EEO,Other,C,Commercial,2003
2003-032,2452828.64,2003-07-08,Delta 7925H,-,D299,MER-B,Mars Exploration Rover 1,-,-,CC,SLC17B,-,-,-89996.0, ,    -, ,-,1.065,BLS,DS,-,CG,Sat EEO PO,spaceflightnow.com,-,-,BEO,Thor,Delta 2,US,United States,Canaveral,,185.0,2003-07-08,184.0,29.4,EEO,Other,C,Commercial,2003
2003-038,2452876.73,2003-08-25,Delta 7920H,-,D300,SIRTF,SIRTF,-,-,CC,SLC17B,-,-,-2084426.0, ,    -, ,-,0.922,BLS,DS,-,CG,Sat EEO E,spaceflightnow.com,-,-,BEO,Thor,Delta 2,US,United States,Canaveral,,916.0,2003-08-25,172.0,31.5,EEO,Observation,C,Commercial,2003
2003-040,2452881.47,2003-08-29,Delta 4M,-,D4-3/D301/IABS-7,USA 170 (DSCS 3B-6),DSCS III B-6/IABS,-,-,CC,SLC37B,-,-,35800.0, ,    -, ,-,1.244,BLS,OS,-,CG/G,Sat GTO O,Wire,-,-,GTO,Delta4,Delta 4M,US,United States,Canaveral,,1244.0,2003-08-30,35600.0,1.0,GEO/D,Communications,D,Military,2003
2003-058,2452994.84,2003-12-21,Delta 7925-9.5,-,D302,USA 175 (GPS IIR-10),Navstar GPS SVN 47,-,-,CC,SLC17A,-,-,20319.0, ,    -, ,-,2.033,BLS,OS,-,CG,Sat MTO BO 1,spaceflightnow.com,-,-,MEO,Thor,Delta 2,US,United States,Canaveral,,1077.0,2004-02-22,20043.0,55.1,MEO,Communications,D,Military,2003
2004-009,2453085.25,2004-03-20,Delta 7925-9.5,-,D303,USA 177 (GPS IIR-11),Navstar GPS SVN 59,-,-,CC,SLC17B,-,-,20271.0, ,    -, ,-,2.033,BLS,OS,-,CG,Sat MTO BO 1,spaceflightnow.com,-,-,MEO,Thor,Delta 2,US,United States,Canaveral,,1077.0,2004-05-20,20095.0,55.03,MEO,Communications,D,Military,2004
2004-014,2453116.21,2004-04-20,Delta 7920-10C,-,D304,GP-B,GP-B,-,-,V,SLC2W,-,-,645.0, ,    -, ,-,3.145,BLS,OS,-,CG,Sat LEO L,spaceflightnow.com,-,-,LEO,Thor,Delta 2,US,United States,Vandenberg,,3145.0,2004-04-21,641.0,90.01,LEO/P,SCI/AST,C,Commercial,2004
2004-023,2453180.45,2004-06-23,Delta 7925-9.5,-,D305,USA 178 (GPS IIR-12),Navstar GPS SVN 60,-,-,CC,SLC17B,-,-,20277.0, ,    -, ,-,2.032,BLS,OS,-,CG,Sat MTO PO 1,spaceflightnow.com,-,-,MEO,Thor,Delta 2,US,United States,Canaveral,,1077.0,2004-08-23,20089.0,55.07,MEO,Communications,D,Military,2004
2004-026,2453201.92,2004-07-15,Delta 7920-10L,-,D306,Aura,EOS Chem-1,-,-,V,SLC2W,-,-,682.0, ,    -, ,-,3.112,BLS,OS,-,CG,Sat SSO L,spaceflightnow.com,-,-,SSO,Thor,Delta 2,US,United States,Vandenberg,,3112.0,2004-07-23,673.0,98.22,LEO/S,EOSCI,C,Commercial,2004
2004-030,2453220.76,2004-08-03,Delta 7925H,-,D307,Messenger,MESSENGER,-,-,CC,SLC17B,-,-,-61701.0, ,    -, ,-,1.108,BLS,DS,-,CG,Sat EEO PE,spaceflightnow.com,-,-,BEO,Thor,Delta 2,US,United States,Canaveral,,1108.0,2004-08-05,190.0,32.66,EEO,Other,C,Commercial,2004
2004-045,2453315.74,2004-11-06,Delta 7925-9.5,-,D308,USA 180 (GPS IIR-13),Navstar GPS SVN 61,-,-,CC,SLC17B,-,-,20427.0, ,    -, ,-,2.032,BLS,OS,-,CG,Sat MTO PO 1,spaceflightnow.com,-,-,MEO,Thor,Delta 2,US,United States,Canaveral,,1077.0,2005-01-05,19936.0,54.82,MEO,Communications,D,Military,2004
2004-047,2453330.22,2004-11-20,Delta 7320-10C,-,D309,Swift,Swift GRB Explorer,-,-,CC,SLC17A,-,-,604.0, ,    -, ,-,1.47,BLS,OS,-,CG,Sat LEO L,spaceflightnow.com,-,-,LEO,Thor,Delta 2,US,United States,Canaveral,,1470.0,2004-11-21,584.0,20.56,LLEO/E,Observation,C,Commercial,2004
2004-050,2453361.41,2004-12-21,Delta 4H,-,D4-4/D310,Demosat,HLV-OLDSP,-,-,CC,SLC37B,-,-,36470.0, ,    -, ,-,6.025,BLS,OF45,S1P,CG/G,Sat GEO O,Wire,-,CBC early cutoff,GEO,Delta4,Delta 4H,US,United States,Canaveral,,5993.0,2005-03-27,17862.0,12.9,MEO,Tech Demo,B,Commercial,2004
2005-001,2453383.28,2005-01-12,Delta 7925-9.5,-,D311,Deep Impact,Deep Impact,-,-,CC,SLC17B,-,-,-86410.0, ,    -, ,-,0.973,BLS,DS,-,CG,Sat EEO PE,spaceflightnow.com,-,-,BEO,Thor,Delta 2,US,United States,Canaveral,,601.0,2005-01-12,179.0,29.73,EEO,Other,C,Commercial,2005
2005-018,2453510.93,2005-05-20,Delta 7320-10C,-,D312,NOAA N,NOAA N,-,-,V,SLC2W,-,-,866.0, ,    -, ,-,1.42,BLS,OS,-,CG,Sat SSO P,spaceflightnow.com,-,-,SSO,Thor,Delta 2,US,United States,Vandenberg,,1420.0,2005-05-27,846.0,98.74,LEO/S,Observation,C,Commercial,2005
2005-038,2453639.65,2005-09-26,Delta 7925-9.5,-,D313,USA 183 (GPS IIRM-1),Navstar GPS SVN 53,-,-,CC,SLC17A,-,-,20222.0, ,    -, ,-,2.032,BLS,OS,-,CG,Sat MTO L,spaceflightnow.com,-,-,MEO,Thor,Delta 2,US,United States,Canaveral,,1077.0,2005-11-25,20140.0,55.03,MEO,Communications,D,Military,2005
2006-016,2453853.92,2006-04-28,Delta 7420-10C,-,D314,Calipso/Cloudsat,Cloudsat,-,-,V,SLC2W,-,-,689.0, ,    -, ,-,1.621,BLS,OS,-,CG,Sat SSO L,spaceflightnow.com,-,-,SSO,Thor,Delta 2,US,United States,Vandenberg,,1435.0,2006-04-30,689.0,98.24,LEO/S,EOSCI,C,Commercial,2006
2006-018,2453880.42,2006-05-24,"Delta 4M+(4,2)",-,D4-5/D315,GOES N,GOES N,-,-,CC,SLC37B,-,-,35790.0, ,    -, ,-,3.209,BLS,OS,-,CG/G,Sat GTO O,Wire,-,-,GTO,Delta4,Delta 4M,US,United States,Canaveral,,3209.0,2006-07-26,35784.0,0.41,GEO/S,Observation,C,Commercial,2006
2006-024,2453908.43,2006-06-21,Delta 7925-9.5,-,D316,USA 187-189 (MITEX),MITEX OSC satellite,-,-,CC,SLC17A,-,-,35800.0, ,    -, ,-,1.5,BLS,OS,-,CG,Sat GTO BO,spaceflightnow.com,-,-,GTO,Thor,Delta 2,US,United States,Canaveral,,1500.0,2006-06-24,35780.0,0.0,GEO/S,TECH*,D,Military,2006
2006-027,2453914.65,2006-06-28,"Delta 4M+(4,2)",-,D4-6/D317,USA 184       [JS11],Adv TRUMPET 1,NROL-22,-,VS,SLC6,-,-,39210.0, ,    -, ,-,4.0,BLS,OS,-,CG/G,Sat MOL O,Wire,-,-,HEO,Delta4,Delta 4M,US,United States,Vandenberg,,4000.0,2006-09-09,1139.0,63.23,HEO/M,SIG*,D,Military,2006
2006-042,2454004.28,2006-09-25,Delta 7925-9.5,-,D318,USA 190 (GPS IIRM-2),Navstar GPS SVN 52,-,-,CC,SLC17A,-,-,20343.0, ,    -, ,-,2.032,BLS,OS,-,CG,Sat MTO BO 1,spaceflightnow.com,-,-,MEO,Thor,Delta 2,US,United States,Canaveral,,1077.0,2006-11-25,20018.0,55.0,MEO,Communications,D,Military,2006
2006-047,2454034.54,2006-10-26,Delta 7925-10L,-,D319,STEREO A/B,STEREO Ahead,-,-,CC,SLC17B,-,-,1772266.0, ,    -, ,-,1.24,BLS,DS,-,CG,Sat EEO BE,spaceflightnow.com,-,-,BEO,Thor,Delta 2,US,United States,Canaveral,,1240.0,2006-12-25,192937.0,33.1,CLO,SCI/PLAN,C,Commercial,2006
2006-050,2454044.08,2006-11-04,Delta 4M,-,D4-7/D320,USA 191 (DMSP 17),DMSP Block 5D-3 S-17,-,-,VS,SLC6,-,-,854.0, ,    -, ,-,1.223,BLS,OS,-,CG/G,Sat SSO D,Wire,-,-,SSO,Delta4,Delta 4M,US,United States,Vandenberg,,1217.0,2006-11-06,841.0,98.79,LEO/S,Observation,D,Military,2006
2006-052,2454057.3,2006-11-17,Delta 7925-9.5,-,D321,USA 192 (GPS IIRM-3),Navstar GPS SVN 58,-,-,CC,SLC17A,-,-,20277.0, ,    -, ,-,2.032,BLS,OS,-,CG,Sat MTO BO 1,spaceflightnow.com,-,-,MEO,Thor,Delta 2,US,United States,Canaveral,,1077.0,2007-01-17,20087.0,55.07,MEO,Communications,D,Military,2006
2006-057,2454084.38,2006-12-14,Delta 7920-10C,-,D322,USA 193,NROL-21,NROL-21,-,V,SLC2W,-,-,367.0, ,    -, ,-,2.3,ULAB,OS,-,CG,Sat LEO O,spaceflightnow.com,-,-,LEO,Thor,Delta 2,US,United States,Vandenberg,,2300.0,2006-12-20,351.0,58.5,LLEO/I,TECH*,D,Military,2006
2007-004,2454149.46,2007-02-17,Delta 7925-10C,-,D323,THEMIS,THEMIS P5,-,-,CC,SLC17B,-,-,76104.0, ,    -, ,-,0.675,ULAB,DS,-,CG,Sat HEO LO,spaceflightnow.com,-,-,HEO,Thor,Delta 2,US,United States,Canaveral,,625.0,2009-07-02,3382.0,9.25,VHEO,Science,C,Commercial,2007
2007-023,2454259.61,2007-06-08,Delta 7420-10C,-,D324,COSMO 1,COSMO-Skymed,-,-,V,SLC2W,-,-,625.0, ,    -, ,-,1.87,ULAB,OS,-,CG/OG,Sat SSO L,spaceflightnow.com,-,-,SSO,Thor,Delta 2,US,United States,Vandenberg,,1870.0,2007-06-10,621.0,97.86,LEO/S,IMG-R,D,Military,2007
2007-034,2454316.89,2007-08-04,Delta 7925-9.5,-,D325,Mars Phoenix,Phoenix Lander,-,-,CC,SLC17A,-,-,-40716.0, ,    -, ,-,0.68,ULAB,DS,-,CG,Sat EEO OE,spaceflightnow.com,-,-,BEO,Thor,Delta 2,US,United States,Canaveral,,410.0,2007-08-04,193.0,28.41,EEO,Other,C,Commercial,2007
2007-041,2454362.27,2007-09-18,Delta 7920-10C,-,D326,WorldView-1,WorldView-1,-,-,V,SLC2W,-,-,494.0, ,    -, ,-,2.5,ULAB,OS,-,CO,Sat SSO L,spaceflightnow.com,-,-,SSO,Thor,Delta 2,US,United States,Vandenberg,,2500.0,2007-09-25,493.0,97.5,LLEO/S,Observation,B,Commercial,2007
2007-043,2454370.98,2007-09-27,Delta 7925H,-,D327,Dawn,Dawn,-,-,CC,SLC17B,-,-,-83420.0, ,    -, ,-,1.218,ULAB,DS,-,CG,Sat EEO OE,spaceflightnow.com,-,-,BEO,Thor,Delta 2,US,United States,Canaveral,,1218.0,2007-09-27,209.0,28.9,EEO,Other,C,Commercial,2007
2007-047,2454391.02,2007-10-17,Delta 7925-9.5,-,D328,USA 196 (GPS IIRM-4),Navstar GPS SVN 55,-,-,CC,SLC17A,-,-,20214.0, ,    -, ,-,2.032,ULAB,OS,-,CG,Sat MTO BO 1,spaceflightnow.com,-,-,MEO,Thor,Delta 2,US,United States,Canaveral,,1077.0,2007-10-27,20149.0,54.85,MEO,Communications,D,Military,2007
2007-054,2454415.58,2007-11-11,Delta 4H,-,D4-8/D329,USA 197 (DSP 23),DSP F23,-,-,CC,SLC37B,-,-,35875.0, ,    -, ,-,2.349,ULAB,OS,-,CG/G,Sat GEO O,Wire,-,-,GEO,Delta4,Delta 4H,US,United States,Canaveral,,2349.0,2007-11-19,35850.0,4.0,GEO/ID,Observation,D,Military,2007
2007-059,2454443.61,2007-12-09,Delta 7420-10C,-,D330,COSMO 2,COSMO-Skymed 2,-,-,V,SLC2W,-,-,624.0, ,    -, ,-,1.9,ULAB,OS,-,CG/OG,Sat SSO L,spaceflightnow.com,-,-,SSO,Thor,Delta 2,US,United States,Vandenberg,,1900.0,2007-12-11,621.0,97.86,LEO/S,IMG-R,D,Military,2007
2007-062,2454455.34,2007-12-20,Delta 7925-9.5,-,D331,USA 199 (GPS IIRM-5),Navstar GPS SVN 57,-,-,CC,SLC17A,-,-,20283.0, ,    -, ,-,2.032,ULAB,OS,-,CG,Sat GTO BO 1,spaceflightnow.com,-,-,GTO,Thor,Delta 2,US,United States,Canaveral,,1077.0,2008-02-15,20082.0,54.99,MEO,Communications,D,Military,2007
2008-012,2454540.76,2008-03-15,Delta 7925-9.5,-,D332,USA 201 (GPS IIRM-6),Navstar GPS SVN 48,-,-,CC,SLC17A,-,-,20222.0, ,    -, ,-,2.032,ULAB,OS,-,CG,Sat GTO BO 1,spaceflightnow.com,-,-,GTO,Thor,Delta 2,US,United States,Canaveral,,1077.0,2008-05-18,20143.0,55.13,MEO,Communications,D,Military,2008
2008-029,2454629.17,2008-06-11,Delta 7920H,-,D333,GLAST,GLAST,-,-,CC,SLC17B,-,-,561.0, ,    -, ,-,4.277,ULAB,OS,-,CG,Sat LEO P,spaceflightnow.com,-,-,LEO,Thor,Delta 2,US,United States,Canaveral,,4277.0,2008-06-19,542.0,25.58,LLEO/I,Observation,C,Commercial,2008
2008-032,2454637.82,2008-06-20,Delta 7320-10C,-,D334,Jason-2,Jason-2,-,-,V,SLC2W,-,-,1345.0, ,    -, ,-,0.506,ULAB,OS,-,CG,Sat LEO B,spaceflightnow.com,-,-,LEO,Thor,Delta 2,US,United States,Vandenberg,,506.0,2008-06-27,1331.0,66.03,LEO/I,Science,C,Commercial,2008
2008-042,2454716.29,2008-09-06,Delta 7420-10C,-,D335,GeoEye-1,GeoEye-1,-,-,V,SLC2W,-,-,686.0, ,    -, ,-,1.923,ULAB,OS,-,CO,Sat SSO P,spaceflightnow.com,-,-,SSO,Thor,Delta 2,US,United States,Vandenberg,,1923.0,2008-09-09,671.0,98.13,LEO/S,Observation,BD,Commercial,2008
2008-054,2454764.6,2008-10-25,Delta 7420-10C,-,D336,COSMO 3,COSMO-Skymed 3,-,-,V,SLC2W,-,-,624.0, ,    -, ,-,1.9,ULAB,OS,-,CG/OG,Sat SSO L,spaceflightnow.com,-,-,SSO,Thor,Delta 2,US,United States,Vandenberg,,1900.0,2008-10-27,621.0,97.86,LEO/S,IMG-R,D,Military,2008
2009-001,2454849.62,2009-01-18,Delta 4H,-,D4-9/D337,USA 202       [RH10],ORION 6,NROL-26,-,CC,SLC37B,-,-,35840.0, ,    -, ,-,5.0,ULAB,OS,-,CG/G,Sat GEO O,Wire,-,-,GEO,Delta4,Delta 4H,US,United States,Canaveral,,5000.0,2009-02-01,35730.0,0.0,GEO/S,SIG*,D,Military,2009
2009-005,2454868.93,2009-02-06,Delta 7320-10C,-,D338,NOAA N',NOAA N',-,-,V,SLC2W,-,-,865.0, ,    -, ,-,1.42,ULAB,OS,-,CG,Sat SSO P,spaceflightnow.com,-,-,SSO,Thor,Delta 2,US,United States,Vandenberg,,1420.0,2009-02-07,846.0,98.73,LEO/S,Observation,C,Commercial,2009
2009-011,2454897.66,2009-03-07,Delta 7925-10L,-,D339,Kepler,Kepler,-,-,CC,SLC17B,-,-,-1937434.0, ,    -, ,-,1.06,ULAB,DS,-,CG,Sat EEO BE,spaceflightnow.com,-,-,BEO,Thor,Delta 2,US,United States,Canaveral,,1052.0,2009-03-07,183.0,28.53,EEO,Observation,C,Commercial,2009
2009-014,2454914.86,2009-03-24,Delta 7925-9.5,-,D340,USA 203 (GPS IIRM-7),Navstar GPS SVN 49,-,-,CC,SLC17A,-,-,20327.0, ,    -, ,-,2.032,ULAB,OS,-,CG,Sat MTO PO 1,spaceflightnow.com,-,-,MEO,Thor,Delta 2,US,United States,Canaveral,,1077.0,2013-01-10,20035.0,55.94,MEO,Communications,D,Military,2009
2009-023,2454957.35,2009-05-05,Delta 7920-10C,-,D341,USA 205,STSS Adv Tech Risk Reduc,-,-,V,SLC2W,-,-,878.0, ,    -, ,-,2.0,ULAB,OS,-,CG,Sat SSO P,spaceflightnow.com,-,-,SSO,Thor,Delta 2,US,United States,Vandenberg,,2000.0,2009-05-07,867.0,98.95,LEO/S,EW*,D,Military,2009
2009-033,2455010.45,2009-06-27,"Delta 4M+(4,2)",-,D4-10/D342,GOES O,GOES O,-,-,CC,SLC37B,-,-,35790.0, ,    -, ,-,3.209,ULAB,OS,-,CG/G,Sat GTO O,Wire,-,-,GTO,Delta4,Delta 4M,US,United States,Canaveral,,3209.0,2009-08-16,35783.0,0.41,GEO/S,Observation,C,Commercial,2009
2009-043,2455060.94,2009-08-17,Delta 7925-9.5,-,D343,USA 206 (GPS IIRM8),Navstar GPS SVN 50,-,-,CC,SLC17A,-,-,20265.0, ,    -, ,-,2.032,ULAB,OS,-,CG,Sat MTO PO 1,spaceflightnow.com,-,-,MEO,Thor,Delta 2,US,United States,Canaveral,,1077.0,2013-01-09,20101.0,54.4,MEO,Communications,D,Military,2009
2009-052,2455100.01,2009-09-25,Delta 7920-10C,-,D344,USA 208/USA 209,STSS 1,-,-,CC,SLC17B,-,-,1352.0, ,    -, ,-,2.244,ULAB,OS,-,CG,Sat LEO P,spaceflightnow.com,-,-,LEO,Thor,Delta 2,US,United States,Canaveral,,2044.0,2009-09-25,1346.0,58.0,LEO/I,EW*,D,Military,2009
2009-055,2455113.29,2009-10-08,Delta 7920-10C,-,D345,WorldView-2,WorldView-2,-,-,V,SLC2W,-,-,769.0, ,    -, ,-,2.615,ULAB,OS,-,CO,Sat SSO L,spaceflightnow.com,-,-,SSO,Thor,Delta 2,US,United States,Vandenberg,,2615.0,2009-10-15,765.0,98.58,LEO/S,Observation,B,Commercial,2009
2009-068,2455171.57,2009-12-06,"Delta 4M+(5,4)",-,D4-11/D346,WGS 3,Wideband Global Satcom 3,-,-,CC,SLC37B,-,-,35800.0, ,    -, ,-,5.768,ULAB,OS,-,CG/G,Sat STO O,Wire,-,-,GTO,Delta4,Delta 4M,US,United States,Canaveral,,5768.0,2010-01-20,35780.0,0.1,GEO/S,Communications,D,Military,2009
2009-071,2455180.09,2009-12-14,Delta 7320-10C,-,D347,WISE,Wide Field IR Explorer,-,-,V,SLC2W,-,-,531.0, ,    -, ,-,0.678,ULAB,OS,-,CG,Sat SSO B,spaceflightnow.com,-,-,SSO,Thor,Delta 2,US,United States,Vandenberg,,661.0,2009-12-16,526.0,97.5,LLEO/S,Observation,C,Commercial,2009
2010-008,2455260.5,2010-03-04,"Delta 4M+(4,2)",-,D4-12/D348,GOES P,GOES P,-,-,CC,SLC37B,-,-,35789.0, ,    -, ,-,3.215,ULAB,OS,-,CG/G,Sat GTO O,Wire,-,-,GTO,Delta4,Delta 4M,US,United States,Canaveral,,3215.0,2010-03-18,35778.0,0.46,GEO/S,Observation,C,Commercial,2010
2010-022,2455344.62,2010-05-28,"Delta 4M+(4,2)",-,D4-13/D349,GPS IIF SV-1,GPS SVN 62,-,-,CC,SLC37B,-,-,20481.0, ,    -, ,-,1.63,ULAB,OS,-,CG/G,Sat MEO O,Wire,-,-,MEO,Delta4,Delta 4M,US,United States,Canaveral,,1630.0,2010-06-04,20443.0,54.98,MEO,Communications,D,Military,2010
2010-060,2455506.6,2010-11-06,Delta 7420-10C,-,D350,COSMO 4,COSMO-Skymed 4,-,-,V,SLC2W,-,-,623.0, ,    -, ,-,1.9,ULAB,OS,-,CG/OG,Sat SSO L,spaceflightnow.com,-,-,SSO,Thor,Delta 2,US,United States,Vandenberg,,1900.0,2010-12-06,621.0,97.86,LEO/S,IMG-R,D,Military,2010
2010-063,2455522.46,2010-11-21,Delta 4H,-,D4-14/D351,USA 223      [RH11],ORION 7,NROL-32,-,CC,SLC37B,-,-,35943.0, ,    -, ,-,5.0,ULAB,OS,-,CG/G,Sat GEO O,Wire,-,-,GEO,Delta4,Delta 4H,US,United States,Canaveral,,5000.0,2010-11-22,35555.0,6.0,GEO/ID,SIG*,D,Military,2010
2011-002,2455582.38,2011-01-20,Delta 4H,-,D4-15/D352,USA 224      [IC],Improved CRYSTAL 2109?,NROL-49,-,VS,SLC6,-,-,1023.0, ,    -, ,-,14.0,ULAB,OS,-,CG/G,Sat SSO D,Wire,-,-,SSO,Delta4,Delta 4H,US,United States,Vandenberg,,14000.0,2011-01-24,252.0,97.9,LEO/S,IMG*,D,Military,2011
2011-011,2455632.48,2011-03-11,"Delta 4M+(4,2)",-,D4-16/D353,USA 227      [SDS17],QUASAR 17?,NROL-27,-,CC,SLC37B,-,-,35800.0, ,    -, ,-,3.0,ULAB,OS,-,CG/G,Sat GTO O,Wire,-,-,GTO,Delta4,Delta 4M,US,United States,Canaveral,,3000.0,2011-03-20,35780.0,0.0,GEO/S,COM*,D,Military,2011
2011-024,2455723.1,2011-06-10,Delta 7320-10C,-,D354,SAC-D,SAC-D,-,-,V,SLC2W,-,-,655.0, ,    -, ,-,1.35,ULAB,OS,-,CG/OG,Sat SSO L,spaceflightnow.com,-,-,SSO,Thor,Delta 2,US,United States,Vandenberg,,1350.0,2011-06-17,653.0,98.01,LEO/S,IMG/SCI,C,Government,2011
2011-036,2455758.78,2011-07-16,"Delta 4M+(4,2)",-,D4-17/D355,GPS IIF SV-2,GPS SVN 63,-,-,CC,SLC37B,-,-,20463.0, ,    -, ,-,1.63,ULAB,OS,-,CG/G,Sat MEO O,Wire,-,-,MEO,Delta4,Delta 4M,US,United States,Canaveral,,1630.0,2011-07-24,20452.0,55.03,MEO,Communications,D,Military,2011
2011-046,2455815.05,2011-09-10,Delta 7920H,-,D356,GRAIL-A/GRAIL-B,GRAIL A,-,-,CC,SLC17B,-,-,1227839.0, ,    -, ,-,0.614,ULAB,DS,-,CG,Sat EEO E,spaceflightnow.com,-,-,BEO,Thor,Delta 2,US,United States,Canaveral,,614.0,2011-09-18,0.0,29.56,CLO,Other,C,Commercial,2011
2011-061,2455862.91,2011-10-28,Delta 7920-10C,-,D357,NPP,NPOESS Prep Project,-,-,V,SLC2W,-,-,823.0, ,    -, ,-,2.138,ULAB,OS,-,CG,Sat SSO P,nasaspaceflight.com,-,-,SSO,Thor,Delta 2,US,United States,Vandenberg,,2137.0,2011-11-04,817.0,98.71,LEO/S,Observation,C,Commercial,2011
2012-003,2455946.53,2012-01-20,"Delta 4M+(5,4)",-,D4-18/D358,WGS 4,Wideband Global Satcom 4,-,-,CC,SLC37B,-,-,35788.0, ,    -, ,-,5.768,ULAB,OS,-,CG/G,Sat STO O,Wire,-,-,GTO,Delta4,Delta 4M,US,United States,Canaveral,,5768.0,2013-01-01,35786.0,0.1,GEO/S,Communications,D,Military,2012
2012-014,2456021.47,2012-04-03,"Delta 4M+(5,2)",-,D4-19/D359,USA 234,TOPAZ 2?,NROL-25 ELECTRA,-,VS,SLC6,-,-,1094.0, ,    -, ,-,7.0,ULAB,OS,-,CG/G,Sat LEO D,Wire,-,-,LEO,Delta4,Delta 4M,US,United States,Vandenberg,,7000.0,2012-04-09,1080.0,122.99,LEO/R,IMG-R*,D,Military,2012
2012-034,2456108.05,2012-06-29,Delta 4H,A,D4-20/D360,USA 237      [RH12],ORION 8,NROL-15,-,CC,SLC37B,-,-,36100.0, ,    -, ,-,6.5,ULAB,OS,-,CG/G,Sat GEO O,Wire,-,-,GEO,Delta4,Delta 4H,US,United States,Canaveral,,6500.0,2012-07-15,35675.0,3.52,GEO/ID,SIG*,D,Military,2012
2012-053,2456205.01,2012-10-04,"Delta 4M+(4,2)",-,D4-21/D361,GPS IIF SV-3,GPS SVN 65,-,-,CC,SLC37B,-,-,20480.0, ,    -, ,-,1.63,ULAB,OS,-,CG/G,Sat MEO O,Wire,-,-,MEO,Delta4,Delta 4M,US,United States,Canaveral,,1630.0,2012-10-12,20426.0,54.98,MEO,Communications,D,Military,2012
2013-024,2456437.52,2013-05-25,"Delta 4M+(5,4)",-,D4-22/D362,WGS 5,Wideband Global Satcom 5,-,-,CC,SLC37B,-,-,66900.0, ,    -, ,-,5.768,ULAB,OS,-,CG/G,Sat STO O,Wire,-,-,GTO,Delta4,Delta 4M,US,United States,Canaveral,,5768.0,2013-05-26,439.0,24.0,HEO,Communications,D,Military,2013
2013-041,2456512.52,2013-08-08,"Delta 4M+(5,4)",-,D4-23/D363,WGS 6,Wideband Global Satcom 6,-,-,CC,SLC37B,-,-,35850.0, ,    -, ,-,5.768,ULAB,OS,-,CG/G,Sat STO O,Wire,-,-,GTO,Delta4,Delta 4M,US,United States,Canaveral,,5768.0,2013-09-01,35750.0,0.01,GEO/D,Communications,D,Military,2013
2013-043,2456533.25,2013-08-28,Delta 4H,-,D4-24/D364,USA 245      [IC],EIS CRYSTAL,NROL-65,-,VS,SLC6,-,-,999.0, ,    -, ,-,14.0,ULAB,OS,-,CG/G,Sat SSO D,Wire,-,A?,SSO,Delta4,Delta 4H,US,United States,Vandenberg,,14000.0,2013-08-29,254.0,97.88,LEO/S,IMG*,D,Military,2013
2014-008,2456709.58,2014-02-21,"Delta 4M+(4,2)",-,D4-25/D365,GPS IIF SV-4,GPS SVN 64,-,-,CC,SLC37B,-,-,20468.0, ,    -, ,-,1.63,ULAB,OS,-,CG/G,Sat MEO O,Wire,-,-,MEO,Delta4,Delta 4M,US,United States,Canaveral,,1630.0,2014-02-23,20456.0,54.99,MEO,Communications,D,Military,2014
2014-026,2456794.5,2014-05-17,"Delta 4M+(4,2)",-,D4-26/D366,GPS IIF-6,GPS SVN 67,-,-,CC,SLC37B,-,-,20475.0, ,    -, ,-,1.63,ULAB,OS,-,CG/G,Sat MEO O,Wire,-,-,MEO,Delta4,Delta 4M,US,United States,Canaveral,,1630.0,2014-05-20,20458.0,55.04,MEO,Communications,D,Military,2014
2014-035,2456840.91,2014-07-02,Delta 7320-10C,-,D367,OCO-2,OCO-2,-,-,V,SLC2W,-,-,690.0, ,    -, ,-,0.454,ULAB,OS,-,CG,Sat SSO B,nasaspaceflight.com,-,-,SSO,Thor,Delta 2,US,United States,Vandenberg,,454.0,2014-07-04,687.0,98.19,LEO/S,EOSCI,C,Commercial,2014
2014-043,2456867.48,2014-07-28,"Delta 4M+(4,2)",-,D4-27/D368,AFSPC-4,GSSAP-1/2/ANGELS,AFSPC-4,-,CC,SLC37B,-,-,35900.0, ,    -, ,-,1.23,ULAB,OS,-,CG/G,Sat GEO O,Wire,-,-,GEO,Delta4,Delta 4M,US,United States,Canaveral,,1070.0,2014-08-01,35800.0,0.5,GEO/D,EW*,D,Military,2014
2014-077,2456997.0,2014-12-05,Delta 4H,-,D4-28/D369,Orion EFT-1,Orion EFT-1,-,-,CC,SLC37B,-,-,5794.0, ,    -, ,-,12.56,ULAB,OS,-,CG/G,Sat LEO D,Wire,-,-,LEO,Delta4,Delta 4H,US,United States,Canaveral,,9400.0,2014-12-05,-32.0,28.76,SO,Other,C,Commercial,2014
2015-003,2457054.1,2015-01-31,Delta 7320-10C,-,D370,SMAP,SMAP,-,-,V,SLC2W,-,-,686.0, ,    -, ,-,0.956,ULAB,OS,-,CG,Sat SSO D,nasaspaceflight.com,-,-,SSO,Thor,Delta 2,US,United States,Vandenberg,,956.0,2015-02-01,660.0,98.13,LEO/S,EOSCI,C,Commercial,2015
2015-013,2457107.27,2015-03-25,"Delta 4M+(4,2)",-,D4-29/D371,GPS IIF-7,GPS SVN 71,-,-,CC,SLC37B,-,-,20469.0, ,    -, ,-,1.63,ULAB,OS,-,CG/G,Sat MEO O,Wire,-,-,MEO,Delta4,Delta 4M,US,United States,Canaveral,,1630.0,2015-04-02,20445.0,55.01,MEO,Communications,D,Military,2015
2015-036,2457227.5,2015-07-24,"Delta 4M+(5,4)",A,D4-30/D372,WGS 7,Wideband Global Satcom 7,-,-,CC,SLC37B,-,-,66739.0, ,    -, ,-,5.9,ULAB,OS,-,CG/G,Sat STO O,Wire,-,-,GTO,Delta4,Delta 4M,US,United States,Canaveral,,5900.0,2015-08-01,28177.0,0.68,VHEO,Communications,D,Military,2015
2016-010,2457428.99,2016-02-10,"Delta 4M+(5,2)",A,D4-31/D373,USA 267,TOPAZ 4,NROL-45,-,VS,SLC6,-,-,1085.0, ,    -, ,-,7.0,ULAB,OS,-,CG/G,Sat LEO D,Wire,-,-,LEO,Delta4,Delta 4M,US,United States,Vandenberg,,7000.0,2016-02-12,1077.0,122.97,LEO/R,IMG-R*,D,Military,2016
2016-036,2457551.24,2016-06-11,Delta 4H,A,D4-32/D374,USA 268,ORION 9,NROL-37,-,CC,SLC37B,-,-,35979.0, ,    -, ,-,6.5,ULAB,OS,-,CG/G,Sat GEO O,Wire,-,-,GEO,Delta4,Delta 4H,US,United States,Canaveral,,6500.0,2016-07-21,35594.0,7.49,GEO/I,SIG*,D,Military,2016
2016-052,2457619.7,2016-08-19,"Delta 4M+(4,2)",A,D4-33/D375,AFSPC-6,GSSAP 3/4,AFSPC-6,-,CC,SLC37B,-,-,35819.0, ,    -, ,-,1.16,ULAB,OS,-,CG/G,Sat GEO O,Wire,-,-,GEO,Delta4,Delta 4M,US,United States,Canaveral,,1000.0,2016-08-26,35752.0,0.0,GEO/S,EW*,D,Military,2016
2016-075,2457730.5,2016-12-07,"Delta 4M+(5,4)",A,D4-34/D376,WGS 8,Wideband Global Satcom 8,-,-,CC,SLC37B,-,-,42941.0, ,    -, ,-,5.987,ULAB,OS,-,CG/G,Sat GTO D,Wire,-,-,GTO,Delta4,Delta 4M,US,United States,Canaveral,,5987.0,2017-01-09,28594.0,0.17,GEO/NS,Communications,D,Military,2016
2017-016,2457831.51,2017-03-19,"Delta 4M+(5,4)",A,D4-35/D377,WGS 9,Wideband Global Satcom 9,-,-,CC,SLC37B,-,-,44364.0, ,    -, ,-,6.0,ULAB,OS,-,CG/G,Sat GTO D,Wire,-,-,GTO,Delta4,Delta 4M,US,United States,Canaveral,,6000.0,2017-03-19,433.0,27.0,HEO,Communications,D,Military,2017
2017-073,2458075.91,2017-11-18,Delta 7920-10C,-,D378,NOAA-20,JPSS-1,-,-,V,SLC2W,-,-,820.0, ,    -, ,-,2.231,ULAB,OS,-,CG,Sat SSO D,nasaspaceflight.com,-,-,SSO,Thor,Delta 2,US,United States,Vandenberg,,2211.59,2017-11-25,817.0,98.71,LEO/S,Observation,C,Commercial,2017
2018-005,2458131.42,2018-01-12,"Delta 4M+(5,2)",A,D4-36/D379,USA 281,TOPAZ 5?,NROL-47 PERSEUS,-,VS,SLC6,-,-,1057.0, ,    -, ,-,7.0,ULAB,OS,-,CG/G,Sat LEO D,Wire,-,-,LEO,Delta4,Delta 4M,US,United States,Vandenberg,,7000.0,2018-01-14,1047.0,106.0,LEO/R,IMG-R*,D,Military,2018
2018-065,2458342.81,2018-08-12,Delta 4H/Star 48BV,-,D4-37/D380,Parker Solar Probe,Solar Probe Plus,-,-,CC,SLC37B,-,-,-18602.0, ,    -, ,-,0.685,ULAB,DS,-,CG/G,Sat EEO EE,Wire,-,-,BEO,Delta4,Delta 4H,US,United States,Canaveral,,685.0,2018-08-12,617.0,32.95,EEO,Other,C,Commercial,2018
2018-070,2458377.04,2018-09-15,Delta 7420-10C,-,D381,ICESAT-2,ICESAT-2,-,-,V,SLC2W,-,-,468.0, ,    -, ,-,1.592,ULAB,OS,-,CG,Sat LEO D,nasaspaceflight.com,-,-,LEO,Thor,Delta 2,US,United States,Vandenberg,,1592.0,2018-09-15,455.0,93.02,LLEO/P,Science,C,Commercial,2018
2019-004,2458503.3,2019-01-19,Delta 4H,A,D4-38/D382,USA 290,Improved CRYSTAL?,NROL-71,-,VS,SLC6,-,-,419.0, ,    -, ,-,20.0,ULAB,OS,-,CG/G,Sat LEO D,Wire,-,-,LEO,Delta4,Delta 4H,US,United States,Vandenberg,,20000.0,2019-01-26,395.0,73.57,LLEO/I,IMG*,D,Military,2019
2019-014,2458558.52,2019-03-16,"Delta 4M+(5,4)",A,D4-39/D383,WGS 10,WGS 10,-,-,CC,SLC37B,-,-,45382.0, ,    -, ,-,6.0,ULAB,OS,-,CG/G,Sat GTO D,Wire,-,-,GTO,Delta4,Delta 4M,US,United States,Canaveral,,6000.0,2019-03-24,22416.0,1.05,MEO,Communications,D,Military,2019
2019-056,2458718.05,2019-08-22,"Delta 4M+(4,2)",A,D4-40/D384,GPS III SV02,GPS III SV02,-,-,CC,SLC37B,-,-,20193.0, ,    -, ,-,4.4,ULAB,OS,-,CG/G,Sat MTO D,Wire,-,-,MEO,Delta4,Delta 4M,US,United States,Canaveral,,4400.0,2019-09-22,20184.0,55.04,MEO,Communications,D,Military,2019
2020-095,2459194.55,2020-12-11,Delta 4H,A,D4-41/D385,USA 311,ORION 10?,NROL-44,-,CC,SLC37B,-,-,35976.0, ,    -, ,-,5.0,ULAB,OS,-,CG/G,Sat GEO O,Wire,-,-,GEO,Delta4,Delta 4H,US,United States,Canaveral,,5000.0,2022-06-06,35598.0,6.82,GEO/I,SIG*,D,Military,2020
2021-032,2459331.37,2021-04-26,Delta 4H,A,D4-42/D386,USA 314,Improved CRYSTAL?,NROL-82,-,VS,SLC6,-,-,758.0, ,    -, ,-,20.0,ULAB,OS,-,CG/G,Sat SSO D,Wire,-,-,SSO,Delta4,Delta 4H,US,United States,Vandenberg,,20000.0,2021-04-26,524.0,98.02,LEO/S,IMG*,D,Military,2021
2022-117,2459847.43,2022-09-24,Delta 4H,B,D4-43/D387,USA 338,Improved CRYSTAL?,NROL-91,-,VS,SLC6,-,-,416.0, ,    -, ,-,20.0,ULAB,OS,-,CG/G,Sat SSO D,Wire,-,-,SSO,Delta4,Delta 4H,US,United States,Vandenberg,,20000.0,2022-09-25,366.0,73.58,LLEO/I,IMG*,D,Military,2022
2023-089,2460117.89,2023-06-22,Delta 4H,B,D4-44/D388,USA 345,ORION 11?,NROL-68,-,CC,SLC37B,-,-,35790.0, ,    -, ,-,5.0,ULAB,OS,-,CG/G,Sat GEO O,Wire,-,-,GEO,Delta4,Delta 4H,US,United States,Canaveral,,5000.0,2023-08-01,35780.0,0.0,GEO/S,SIG*,D,Military,2023
2024-067,2460410.2,2024-04-09,Delta 4H,B,D4-45/D389,USA 353,ORION 12?,NROL-70,-,CC,SLC37B,-,-,36017.0, ,    -, ,-,5.0,ULAB,OS,-,CG/G,Sat GEO O,Wire,-,-,GEO,Delta4,Delta 4H,US,United States,Canaveral,,5000.0,2024-07-22,35556.0,7.58,GEO/I,SIG*,D,Military,2024
