Launch_Tag,Launch_JD,Launch_Date,LV_Type,Variant,Flight_ID,Flight,Mission,FlightCode,Platform,Launch_Site,Launch_Pad,Ascent_Site,Ascent_Pad,Apogee,Apoflag,Range,RangeFlag,Dest,OrbPay,Agency,LaunchCode,FailCode,Group,Category,LTCite,Cite,Notes,Simple_Orbit,V2_Payload_Category,Launch_Vehicle_Family,Launch_Vehicle_Simplified,State,Country,Launch_Site_Parent,Launch_Site_Name,Payload_Mass,Orbit_Canonical_Date,Perigee,Inc,OpOrbit,First_Simple_Payload_Category,First_Payload_Class,General_Launch_Payload_Type
1964-018,2438494.17,1964-04-08,Titan II GLV,-,GLV-1,Gemini 1,Gemini SC1,-,-,CC,LC19,-,-,272.0, ,    -, ,-,6.253,AFSSD/MSC,OS,-,G,Sat LEO A,SP-4203,MM/Titan,-,LEO,Scientific,Titan,Titan 2,US,United States,Canaveral,,2188.0,1964-04-10,155.0,32.56,LLEO/I,Other,C,Government
1964-F10,2438640.13,1964-09-01,Titan IIIA,-,3A-2,Transtage,Lead Dummy Payload,-,-,CC,LC20,-,-,160.0,?,    -, ,-,1.414,AFSSD,OF,S3U,G,Sat LEO A,Titan3Review,MM/Titan,Early cutoff,LEO,Scientific,Titan,Titan 3,US,United States,Canaveral,,,,,,,,,Government
1964-081,2438740.2,1964-12-10,Titan IIIA,-,3A-1,Transtage,Lead Dummy Payload,-,-,CC,LC20,-,-,182.0, ,    -, ,-,3.316,AFSSD,OS,-,G,Sat LEO A,Titan3Review,MM/Titan,-,LEO,Scientific,Titan,Titan 3,US,United States,Canaveral,,1366.0,1964-12-10,168.0,32.15,LLEO/I,Tech Demo,D,Military
1965-008,2438803.14,1965-02-11,Titan IIIA,-,3A-3,LES 1,Payload Truss,-,-,CC,LC20,-,-,2797.0, ,    -, ,-,0.494,AFSSD,OS,-,G,Sat MEO O,Titan3Review-2h,MM/Titan,-,MEO,Scientific,Titan,Titan 3,US,United States,Canaveral,,367.0,1965-03-21,2761.0,32.14,MEO,Tech Demo,D,Military
1965-024,2438843.1,1965-03-23,Titan II GLV,-,GLV-3,Gemini 3,Gemini SC3,-,-,CC,LC19,-,-,225.0, ,    -, ,-,3.127,AFSSD/MSC,OS,-,G,Sat LEO O,SP-4203,MM/Titan,-,LEO,Scientific,Titan,Titan 2,US,United States,Canaveral,,2075.0,1965-03-23,161.0,32.62,LLEO/I,Other,C,Government
1965-034,2438887.13,1965-05-06,Titan IIIA,-,3A-6,LES 2,-,-,-,CC,LC20,-,-,3745.0, ,    -, ,-,2.5,AFSSD,OS,-,G,Sat MEO O,Titan3Review,MM/Titan,-,MEO,Scientific,Titan,Titan 3,US,United States,Canaveral,,195.0,1965-05-06,2780.0,32.09,MEO,Tech Demo,D,Military
1965-043,2438915.14,1965-06-03,Titan II GLV,-,GLV-4,Gemini 4,Gemini SC4,-,-,CC,LC19,-,-,289.0, ,    -, ,-,3.581,AFSSD/MSC,OS,-,G,Sat LEO O,SP-4203,MM/Titan,-,LEO,Scientific,Titan,Titan 2,US,United States,Canaveral,,2134.0,1965-06-03,165.0,32.5,LLEO/I,Other,C,Government
1965-047,2438930.08,1965-06-18,Titan IIIC,-,3C-7,Transtage,Lead Ballast,-,-,CC,LC40,-,-,189.0, ,    -, ,-,8.948,AFSSD,OS,-,G,Sat LEO O,Titan3Review,MM/Titan,-,LEO,Scientific,Titan,Titan 3,US,United States,Canaveral,,8948.0,1965-06-20,168.0,32.14,LLEO/I,Tech Demo,D,Military
1965-068,2438994.08,1965-08-21,Titan II GLV,-,GLV-5,Gemini 5,Gemini SC5,-,-,CC,LC19,-,-,330.0, ,    -, ,-,3.338,AFSSD/MSC,OS,-,G,Sat LEO O,SP-4203,MM/Titan,-,LEO,Scientific,Titan,Titan 2,US,United States,Canaveral,,2182.0,1965-08-23,170.0,32.59,LLEO/I,Other,C,Government
1965-082,2439049.22,1965-10-15,Titan IIIC,-,3C-4,OV2-1,LCS 2,-,-,CC,LC40,-,-,761.0, ,    -, ,-,0.574,AFSSD,OS,-,G,Sat LEO O,Titan3Review,MM/Titan,-,LEO,Scientific,Titan,Titan 3,US,United States,Canaveral,,204.0,1965-12-27,658.0,32.17,LEO/I,Other,D,Military
1965-100,2439099.31,1965-12-04,Titan II GLV,-,GLV-7,Gemini 7,Gemini SC7,-,-,CC,LC19,-,-,303.0, ,    -, ,-,3.345,AFSSD/MSC,OS,-,G,Sat LEO O,SP-4203,MM/Titan,-,LEO,Scientific,Titan,Titan 2,US,United States,Canaveral,,2188.0,1965-12-09,299.0,28.9,LLEO/I,Other,C,Government
1965-A245,2439107.12,1965-12-12,Titan II GLV,-,GLV-6,Gemini 6,Gemini SC6,Pad abort,-,CC,LC19,-,-,0.0, ,    -, ,-,0.0,AFSSD/MSC,OE,-,G,Sat LEO O,SP-4203,MM/Titan,"Abort, no launch",LEO,Scientific,Titan,Titan 2,US,United States,Canaveral,,,,,,,,,Government
1965-104,2439110.07,1965-12-15,Titan II GLV,-,GLV-6,Gemini 6,Gemini SC6,-,-,CC,LC19,-,-,274.0, ,    -, ,-,3.083,AFSSD/MSC,OS,-,G,Sat LEO O,SP-4203,MM/Titan,-,LEO,Scientific,Titan,Titan 2,US,United States,Canaveral,,2168.0,1965-12-15,270.0,28.9,LLEO/I,Other,C,Government
1965-108,2439116.08,1965-12-21,Titan IIIC,-,3C-8,OV2-3/LES 3/LES 4,LES 4,-,-,CC,LC41,-,-,33390.0, ,    -, ,-,2.23,AFSSD,OS,-,G,Sat GEO SO,Titan3Review,MM/Titan,-,GEO,Scientific,Titan,Titan 3,US,United States,Canaveral,,280.0,1966-02-08,189.0,26.51,HEO,Communications,D,Military
1966-020,2439201.2,1966-03-16,Titan II GLV,-,GLV-8,Gemini 8,Gemini SC8,-,-,CC,LC19,-,-,270.0, ,    -, ,-,3.369,AFSSD/MSC,OS,-,G,Sat LEO O,SP-4203,MM/Titan,-,LEO,Scientific,Titan,Titan 2,US,United States,Canaveral,,2213.0,1966-03-16,261.0,28.9,LLEO/I,Other,C,Government
1966-047,2439280.07,1966-06-03,Titan II GLV,-,GT-9,Gemini 9,Gemini SC9,-,-,CC,LC19,-,-,274.0, ,    -, ,-,3.921,AFSSD/MSC,OS,-,G,Sat LEO O,SP-4203,MM/Titan,-,LEO,Scientific,Titan,Titan 2,US,United States,Canaveral,,2210.0,1966-06-06,272.0,28.86,LLEO/I,Other,C,Government
1966-053,2439293.08,1966-06-16,Titan IIIC,-,3C-11,IDCSP,GGTS,-,-,CC,LC41,-,-,33857.0, ,    -, ,-,0.362,AFSSD,OS,-,G,Sat GEO SO,Titan3Review,MM/Titan,-,GEO,Scientific,Titan,Titan 3,US,United States,Canaveral,,362.0,1966-12-16,33661.0,0.43,MEO,Tech Demo,D,Military
1966-066,2439325.43,1966-07-18,Titan II GLV,-,GLV-10,Gemini 10,Gemini SC10,-,-,CC,LC19,-,-,757.0, ,    -, ,-,3.323,AFSSD/MSC,OS,-,G,Sat LEO O,SP-4203,MM/Titan,-,LEO,Scientific,Titan,Titan 2,US,United States,Canaveral,,2161.0,1966-07-19,299.0,28.8,LLEO/I,Other,C,Government
1966-069,2439336.27,1966-07-29,Titan IIIB,-,3B-1,KH-8,GAMBIT-3 Mission 4301,DAILY MAIL,-,VS,SLC4W,-,-,245.0, ,    -, ,-,3.65,AFSSD,OS,-,G,Sat LEO A,GAMHEX-G27,MM/Titan,-,LEO,Scientific,Titan,Titan 3,US,United States,Vandenberg,,2250.0,1966-07-31,158.0,94.12,LLEO/P,Observation,D,Military
1966-F08,2439364.08,1966-08-26,Titan IIIC,-,3C-12,IDCSP,IDCSP,-,-,CC,LC41,-,-,25.0, ,    -, ,-,0.36,AFSSD,OF,FF,G,Sat GEO SO,Titan3Review,MM/Titan,Fairing failed,GEO,Scientific,Titan,Titan 3,US,United States,Canaveral,,,,,,,,,Government
1966-081,2439381.11,1966-09-12,Titan II GLV,-,GLV-11,Gemini 11,Gemini SC11,-,-,CC,LC19,-,-,1368.0, ,    -, ,-,3.519,AFSSD/MSC,OS,-,G,Sat LEO O,SP-4203,MM/Titan,-,LEO,Scientific,Titan,Titan 2,US,United States,Canaveral,,2147.0,1966-09-14,298.0,28.83,LEO/I,Other,C,Government
1966-086,2439397.3,1966-09-28,Titan IIIB,-,3B-2,KH-8,GAMBIT-3 Mission 4302,BUSY SCHEME,-,VS,SLC4W,-,-,296.0, ,    -, ,-,3.65,AFSSD,OS,-,G,Sat LEO A,GAMHEX-G2,MM/Titan,-,LEO,Scientific,Titan,Titan 3,US,United States,Vandenberg,,2250.0,1966-09-30,151.0,93.98,LLEO/P,Observation,D,Military
1966-099,2439433.08,1966-11-03,Titan IIIC,-,3C-9,Gemini B/MOL,OV4-3,-,-,CC,LC40,-,-,280.0, ,    -, ,-,11.269,AFSSD,OS,-,G,Sat LEO O,OMNS-T3C-9,MM/Titan,-,LEO,Scientific,Titan,Titan 3,US,United States,Canaveral,,7079.0,1966-12-04,277.0,32.84,LLEO/I,Other,D,Military
1966-104,2439441.37,1966-11-11,Titan II GLV,-,GLV-12,Gemini 12,Gemini SC12,-,-,CC,LC19,-,-,291.0, ,    -, ,-,3.261,AFSSD/MSC,OS,-,G,Sat LEO O,SP-4203,MM/Titan,-,LEO,Scientific,Titan,Titan 2,US,United States,Canaveral,,2178.0,1966-11-14,252.0,28.84,LLEO/I,Other,C,Government
1966-113,2439474.26,1966-12-14,Titan IIIB,-,3B-3,KH-8,GAMBIT-3 Mission 4303,BUSY SKYROCKET,-,VS,SLC4W,-,-,367.0, ,    -, ,-,3.65,AFSSD,OS,-,G,Sat LEO A,GAMHEX-G2,MM/Titan,-,LEO,Scientific,Titan,Titan 3,US,United States,Vandenberg,,2250.0,1966-12-17,136.0,109.56,LLEO/R,Observation,D,Military
1967-003,2439509.1,1967-01-18,Titan IIIC,-,3C-13,IDCSP,IDCSP 8,-,-,CC,LC41,-,-,33843.0, ,    -, ,-,0.36,AFSSD,OS,-,G,Sat GEO SO,Titan3Review,MM/Titan,-,GEO,Scientific,Titan,Titan 3,US,United States,Canaveral,,360.0,1967-05-28,33505.0,0.29,MEO,Communications,D,Military
1967-016,2439546.33,1967-02-24,Titan IIIB,-,3B-4,KH-8,GAMBIT-3 Mission 4304,BUSY PALEFACE,-,VS,SLC4W,-,-,399.0, ,    -, ,-,3.65,AFSSD,OS,-,G,Sat LEO A,GAMHEX-G2,MM/Titan,-,LEO,Scientific,Titan,Titan 3,US,United States,Vandenberg,,2250.0,1967-02-26,135.0,106.99,LLEO/R,Observation,D,Military
1967-F04,2439607.25,1967-04-26,Titan IIIB,-,3B-5,KH-8,GAMBIT-3 Mission 4305,BUSY TAILOR,-,VS,SLC4W,-,-,130.0,?,    -, ,-,2.44,AFSSD,OF,S2P,G,Sat LEO A,LR670426,MM/Titan,Velocity too low at S2/S3 sep,LEO,Scientific,Titan,Titan 3,US,United States,Vandenberg,,,,,,,,,Government
1967-040,2439608.92,1967-04-28,Titan IIIC,-,3C-10,Vela 4A/4B,Vela 4A,AMF,-,CC,LC41,-,-,110534.0, ,    -, ,-,0.706,AFSSD,OS,-,G,Sat HEO SO,Titan3Review,MM/Titan,-,HEO,Scientific,Titan,Titan 3,US,United States,Canaveral,,469.0,1967-09-29,9194.0,34.43,VHEO,Observation,D,Military
1967-064,2439662.18,1967-06-20,Titan IIIB,-,3B-8,KH-8,GAMBIT-3 Mission 4306,BUSY PLAYMATE,-,VS,SLC4W,-,-,320.0, ,    -, ,-,3.65,AFSSD,OS,-,G,Sat LEO A,GAMHEX-G2,MM/Titan,-,LEO,Scientific,Titan,Titan 3,US,United States,Vandenberg,,2250.0,1967-06-22,128.0,111.4,LLEO/R,Observation,D,Military
1967-066,2439673.05,1967-07-01,Titan IIIC,-,3C-14,IDCSP,IDCSP 16,-,-,CC,LC41,-,-,33534.0, ,    -, ,-,0.5,SAMSO,OS,-,G,Sat GEO SO,Titan3Review,MM/Titan,-,GEO,Scientific,Titan,Titan 3,US,United States,Canaveral,,500.0,1967-09-02,33015.0,6.88,MEO,Communications,D,Military
1967-079,2439719.21,1967-08-16,Titan IIIB,-,3B-9,KH-8,GAMBIT-3 Mission 4307,-,-,VS,SLC4W,-,-,439.0, ,    -, ,-,3.65,SAMSO,OS,-,G,Sat LEO A,GAMHEX-G2,MM/Titan,-,LEO,Scientific,Titan,Titan 3,US,United States,Vandenberg,,2250.0,1967-08-18,139.0,111.58,LLEO/R,Observation,D,Military
1967-090,2439753.28,1967-09-19,Titan IIIB,-,3B-10,KH-8,GAMBIT-3 Mission 4308,-,-,VS,SLC4W,-,-,399.0, ,    -, ,-,3.65,SAMSO,OS,-,G,Sat LEO A,GAMHEX-G2,MM/Titan,-,LEO,Scientific,Titan,Titan 3,US,United States,Vandenberg,,2250.0,1967-09-21,121.0,106.1,LLEO/R,Observation,D,Military
1967-103,2439789.3,1967-10-25,Titan IIIB,-,3B-11,KH-8,GAMBIT-3 Mission 4309,-,-,VS,SLC4W,-,-,400.0, ,    -, ,-,3.65,SAMSO,OS,-,G,Sat LEO A,LR671026,MM/Titan,-,LEO,Scientific,Titan,Titan 3,US,United States,Vandenberg,,2250.0,1967-10-28,132.0,111.55,LLEO/R,Observation,D,Military
1967-121,2439830.28,1967-12-05,Titan IIIB,-,3B-12,KH-8,GAMBIT-3 Mission 4310,-,-,VS,SLC4W,-,-,418.0, ,    -, ,-,3.65,SAMSO,OS,-,G,Sat LEO A,GAMHEX-G2,MM/Titan,-,LEO,Scientific,Titan,Titan 3,US,United States,Vandenberg,,2250.0,1967-12-08,132.0,109.58,LLEO/R,Observation,D,Military
1968-005,2439874.29,1968-01-18,Titan IIIB,-,3B-13,KH-8,GAMBIT-3 Mission 4311,-,-,VS,SLC4W,-,-,431.0, ,    -, ,-,3.65,SAMSO,OS,-,G,Sat LEO A,LR680118,MM/Titan,-,LEO,Scientific,Titan,Titan 3,US,United States,Vandenberg,,2250.0,1968-01-25,133.0,111.5,LLEO/R,Observation,D,Military
1968-018,2439929.33,1968-03-13,Titan IIIB,-,3B-14,KH-8,GAMBIT-3 Mission 4312,-,-,VS,SLC4W,-,-,403.0, ,    -, ,-,3.65,SAMSO,OS,-,G,Sat SSO A,GAMHEX-G2,MM/Titan,-,SSO,Scientific,Titan,Titan 3,US,United States,Vandenberg,,2250.0,1968-03-15,129.0,99.87,LLEO/S,Observation,D,Military
1968-031,2439964.21,1968-04-17,Titan IIIB,-,3B-15,KH-8,GAMBIT-3 Mission 4313,-,-,VS,SLC4W,-,-,389.0, ,    -, ,-,3.65,SAMSO,OS,-,G,Sat LEO A,LR680417,MM/Titan,-,LEO,Scientific,Titan,Titan 3,US,United States,Vandenberg,,2250.0,1968-04-21,128.0,111.49,LLEO/R,Observation,D,Military
1968-047,2440013.23,1968-06-05,Titan IIIB,-,3B-16,KH-8,GAMBIT-3 Mission 4314,-,-,VS,SLC4W,-,-,420.0, ,    -, ,-,3.65,SAMSO,OS,-,G,Sat LEO A,GAMHEX-G2,MM/Titan,-,LEO,Scientific,Titan,Titan 3,US,United States,Vandenberg,,2250.0,1968-06-07,120.0,110.53,LLEO/R,Observation,D,Military
1968-050,2440021.09,1968-06-13,Titan IIIC,-,3C-16,IDCSP,IDCSP 20,-,-,CC,LC41,-,-,33871.0, ,    -, ,-,0.36,SAMSO,OS,-,G,Sat GEO SO,AFT3,MM/Titan,-,GEO,Scientific,Titan,Titan 3,US,United States,Canaveral,,360.0,1968-07-24,33710.0,0.09,MEO,Communications,D,Military
1968-064,2440075.19,1968-08-06,Titan IIIB,-,3B-17,KH-8,GAMBIT-3 Mission 4315,-,-,VS,SLC4W,-,-,392.0, ,    -, ,-,3.65,SAMSO,OS,-,G,Sat LEO A,GAMHEX-G2,MM/Titan,-,LEO,Scientific,Titan,Titan 3,US,United States,Vandenberg,,2250.0,1968-08-09,143.0,110.0,LLEO/R,Observation,D,Military
1968-074,2440110.27,1968-09-10,Titan IIIB,-,3B-18,KH-8,GAMBIT-3 Mission 4316,-,-,VS,SLC4W,-,-,402.0, ,    -, ,-,3.65,SAMSO,OS,-,G,Sat LEO A,LR680910,MM/Titan,-,LEO,Scientific,Titan,Titan 3,US,United States,Vandenberg,,2250.0,1968-09-17,129.0,106.02,LLEO/R,Observation,D,Military
1968-081,2440125.82,1968-09-26,Titan IIIC,-,3C-5,OV2-5/LES 6,OV2-5,-,-,CC,LC41,-,-,35798.0, ,    -, ,-,0.392,SAMSO,OS,-,G,Sat GEO SO,AFT3,MM/Titan,-,GEO,Scientific,Titan,Titan 3,US,United States,Canaveral,,392.0,1968-11-26,35064.0,2.86,GEO/D,Science,C,Government
1968-099,2440167.3,1968-11-06,Titan IIIB,-,3B-19,KH-8,GAMBIT-3 Mission 4317,-,-,VS,SLC4W,-,-,382.0, ,    -, ,-,3.807,SAMSO,OS,-,G,Sat LEO A,LR681107,MM/Titan,-,LEO,Scientific,Titan,Titan 3,US,United States,Vandenberg,,2250.0,1968-11-08,126.0,106.04,LLEO/R,Observation,D,Military
1968-108,2440195.31,1968-12-04,Titan IIIB,-,3B-20,KH-8,GAMBIT-3 Mission 4318,-,-,VS,SLC4W,-,-,654.0, ,    -, ,-,3.807,SAMSO,OS,-,G,Sat LEO A,LR681205,MM/Titan,-,LEO,Scientific,Titan,Titan 3,US,United States,Vandenberg,,2250.0,1968-12-06,127.0,106.18,LLEO/R,Observation,D,Military
1969-007,2440244.3,1969-01-22,Titan IIIB,-,3B-6,KH-8,GAMBIT-3 Mission 4319,-,-,VS,SLC4W,-,-,1086.0, ,    -, ,-,3.807,SAMSO,OS,-,G,Sat LEO A,LR690122,MM/Titan,-,LEO,Scientific,Titan,Titan 3,US,United States,Vandenberg,,2250.0,1969-01-24,132.0,106.15,LEO/R,Observation,D,Military
1969-013,2440262.38,1969-02-09,Titan IIIC,-,3C-17,Tacsat,Tacsat,-,-,CC,LC41,-,-,35803.0, ,    -, ,-,0.721,SAMSO,OS,-,G,Sat GEO SO,AFT3,MM/Titan,-,GEO,Scientific,Titan,Titan 3,US,United States,Canaveral,,721.0,1969-03-25,35768.0,0.88,GEO/S,Communications,D,Military
1969-019,2440285.31,1969-03-04,Titan IIIB,-,3B-7,KH-8,GAMBIT-3 Mission 4320,-,-,VS,SLC4W,-,-,448.0, ,    -, ,-,3.807,SAMSO,OS,-,G,Sat LEO A,LR690305,MM/Titan,-,LEO,Scientific,Titan,Titan 3,US,United States,Vandenberg,,2250.0,1969-03-06,132.0,92.01,LLEO/P,Observation,D,Military
1969-039,2440327.23,1969-04-15,Titan IIIB,-,3B-21,KH-8,GAMBIT-3 Mission 4321,-,-,VS,SLC4W,-,-,396.0, ,    -, ,-,3.807,SAMSO,OS,-,G,Sat LEO A,LR690415,MM/Titan,-,LEO,Scientific,Titan,Titan 3,US,United States,Vandenberg,,2250.0,1969-04-24,131.0,108.71,LLEO/R,Observation,D,Military
1969-046,2440364.83,1969-05-23,Titan IIIC,-,3C-15,Vela 5A/5B,ERS 29,-,-,CC,LC41,-,-,111712.0, ,    -, ,-,0.74,SAMSO,OS,-,G,Sat HEO SO,AFT3,MM/Titan,-,HEO,Scientific,Titan,Titan 3,US,United States,Canaveral,,527.0,1969-07-09,16995.0,33.16,VHEO,Science,C,Government
1969-050,2440376.2,1969-06-03,Titan IIIB,-,3B-22,KH-8,GAMBIT-3 Mission 4322,-,-,VS,SLC4W,-,-,415.0, ,    -, ,-,3.807,SAMSO,OS,-,G,Sat LEO A,LR690603,MM/Titan,-,LEO,Scientific,Titan,Titan 3,US,United States,Vandenberg,,2250.0,1969-06-05,131.0,109.96,LLEO/R,Observation,D,Military
1969-074,2440457.17,1969-08-23,Titan 23B,-,23B-1 (3B-23),KH-8A?,GAMBIT-3 Mission 4323,-,-,VS,SLC4W,-,-,368.0, ,    -, ,-,3.964,SAMSO,OS,-,G,Sat LEO A,LR690823,MM/Titan,-,LEO,Scientific,Titan,Titan 3,US,United States,Vandenberg,,2250.0,1969-08-30,132.0,108.0,LLEO/R,Observation,D,Military
1969-095,2440519.26,1969-10-24,Titan 23B,-,23B-2 (3B-24),KH-8A,GAMBIT-3 Mission 4324,-,-,VS,SLC4W,-,-,579.0, ,    -, ,-,4.414,SAMSO,OS,-,G,Sat LEO A,JG9602,MM/Titan,-,LEO,Scientific,Titan,Titan 3,US,United States,Vandenberg,,2400.0,1969-10-31,124.0,108.0,LLEO/R,Observation,D,Military
1970-002,2440601.28,1970-01-14,Titan 23B,-,23B-3 (3B-25),KH-8A,GAMBIT-3 Mission 4325,-,-,VS,SLC4W,-,-,375.0, ,    -, ,-,4.414,SAMSO,OS,-,G,Sat LEO A,JG9602,MM/Titan,-,LEO,Scientific,Titan,Titan 3,US,United States,Vandenberg,,2400.0,1970-01-21,126.0,109.94,LLEO/R,Observation,D,Military
1970-027,2440684.95,1970-04-08,Titan IIIC,-,3C-18,Vela 6A/6B,Vela 6A,-,-,CC,LC40,-,-,111664.0, ,    -, ,-,0.717,SAMSO,OS,-,G,Sat HEO SO,AFT3,MM/Titan,-,HEO,Scientific,Titan,Titan 3,US,United States,Canaveral,,504.0,1970-05-25,111307.0,32.26,VHEO,Observation,D,Military
1970-031,2440692.16,1970-04-15,Titan 23B,-,23B-4 (3B-26),KH-8A,GAMBIT-3 Mission 4326,-,-,VS,SLC4W,-,-,370.0, ,    -, ,-,4.414,SAMSO,OS,-,G,Sat LEO A,JG9602,MM/Titan,-,LEO,Scientific,Titan,Titan 3,US,United States,Vandenberg,,2400.0,1970-04-22,128.0,110.97,LLEO/R,Observation,D,Military
1970-048,2440763.12,1970-06-25,Titan 23B,-,23B-5 (3B-27),KH-8A,GAMBIT-3 Mission 4327,-,-,VS,SLC4W,-,-,400.0, ,    -, ,-,4.414,SAMSO,OS,-,G,Sat LEO A,LR700625,MM/Titan,-,LEO,Scientific,Titan,Titan 3,US,United States,Vandenberg,,2400.0,1970-06-28,128.0,108.88,LLEO/R,Observation,D,Military
1970-061,2440817.11,1970-08-18,Titan 23B,-,23B-6 (3B-28),KH-8A?,GAMBIT-3 Mission 4328,-,-,VS,SLC4W,-,-,442.0, ,    -, ,-,4.414,SAMSO,OS,-,G,Sat LEO A,LR700818,MM/Titan,-,LEO,Scientific,Titan,Titan 3,US,United States,Vandenberg,,2400.0,1970-08-25,151.0,110.98,LLEO/R,Observation,D,Military
1970-090,2440883.24,1970-10-23,Titan 23B,-,23B-7 (3B-29),KH-8A?,GAMBIT-3 Mission 4329,-,-,VS,SLC4W,-,-,387.0, ,    -, ,-,4.414,SAMSO,OS,-,G,Sat LEO A,LR701024,MM/Titan,-,LEO,Scientific,Titan,Titan 3,US,United States,Vandenberg,,2400.0,1970-11-01,122.0,111.02,LLEO/R,Observation,D,Military
1970-093,2440896.94,1970-11-06,Titan IIIC,-,23C-1 (3C-19),DSP 1,DSP 1,-,-,CC,LC40,-,-,35930.0, ,    -, ,-,0.894,SAMSO,OS,-,G,Sat GEO OO,AFT3,MM/Titan,-,GEO,Scientific,Titan,Titan 3,US,United States,Canaveral,,894.0,1971-04-24,26045.0,7.61,MEO,Observation,D,Military
1971-005,2440973.26,1971-01-21,Titan 23B,-,23B-8 (3B-30),KH-8A,GAMBIT-3 Mission 4330,-,-,VS,SLC4W,-,-,417.0, ,    -, ,-,4.414,SAMSO,OS,-,G,Sat LEO A,Wire,MM/Titan,-,LEO,Scientific,Titan,Titan 3,US,United States,Vandenberg,,2400.0,1971-01-28,130.0,110.83,LLEO/R,Observation,D,Military
1971-021,2441031.66,1971-03-21,Titan 33B,-,33B-1 (3B-36),OPS 4788,Jumpseat 1,-,-,VS,SLC4W,-,-,39321.0, ,    -, ,-,1.0,SAMSO,OS,-,G,Sat MOL O,LR710322,MM/Titan,-,HEO,Scientific,Titan,Titan 3,US,United States,Vandenberg,,1000.0,1971-03-21,182.0,63.28,HEO/M,Observation,D,Military
1971-033,2441064.15,1971-04-22,Titan 23B,-,23B-9 (3B-31),KH-8A,GAMBIT-3 Mission 4331,-,-,VS,SLC4W,-,-,382.0, ,    -, ,-,4.414,SAMSO,OS,-,G,Sat LEO A,LR710422,MM/Titan,-,LEO,Scientific,Titan,Titan 3,US,United States,Vandenberg,,2400.0,1971-05-01,131.0,110.92,LLEO/R,Observation,D,Military
1971-039,2441076.82,1971-05-05,Titan IIIC,-,23C-2 (3C-20),DSP 2,DSP 3,-,-,CC,LC40,-,-,35798.0, ,    -, ,-,0.903,SAMSO,OS,-,G,Sat GEO OO,AFT3,MM/Titan,-,GEO,Scientific,Titan,Titan 3,US,United States,Canaveral,,903.0,1979-10-31,35776.0,6.56,GEO/I,Observation,D,Military
1971-056,2441118.28,1971-06-15,Titan IIID,-,23D-1,HEXAGON SV1,HEXAGON SV-1,-,-,VS,SLC4E,-,-,285.0, ,    -, ,-,9.356,SAMSO,OS,-,G,Sat SSO O,Wire,MM/Titan,-,SSO,Scientific,Titan,Titan 3,US,United States,Vandenberg,,6737.0,1971-06-22,178.0,96.39,LLEO/S,Observation,D,Military
1971-070,2441176.15,1971-08-12,Titan 24B,-,24B-1 (3B-32),KH-8A,GAMBIT-3 Mission 4332,-,-,VS,SLC4W,-,-,405.0, ,    -, ,-,4.414,SAMSO,OS,-,G,Sat LEO A,LR710911,MM/Titan,-,LEO,Scientific,Titan,Titan 3,US,United States,Vandenberg,,2400.0,1971-08-19,130.0,110.98,LLEO/R,Observation,D,Military
1971-092,2441248.22,1971-10-23,Titan 24B,-,24B-2 (3B-33),KH-8A,GAMBIT-3 Mission 4333,-,-,VS,SLC4W,-,-,393.0, ,    -, ,-,4.414,SAMSO,OS,-,G,Sat LEO A,Wire,MM/Titan,-,LEO,Scientific,Titan,Titan 3,US,United States,Vandenberg,,2400.0,1971-10-30,130.0,110.94,LLEO/R,Observation,D,Military
1971-095,2441258.63,1971-11-03,Titan IIIC,-,23C-3 (3C-21),DSCS II 1/2,DSCS II A-1,-,-,CC,LC40,-,-,35792.0, ,    -, ,-,1.052,SAMSO,OS,-,G,Sat GEO OO,FT3,M/Titan,-,GEO,Scientific,Titan,Titan 3,US,United States,Canaveral,,1052.0,1971-12-10,35783.0,2.56,GEO/S,Communications,D,Military
1972-002,2441337.27,1972-01-20,Titan IIID,-,23D-2,HEXAGON SV2,HEXAGON SV-2,-,-,VS,SLC4E,-,-,321.0, ,    -, ,-,9.193,SAMSO,OS,-,G,Sat SSO O,TLE,MM/Titan,-,SSO,Scientific,Titan,Titan 3,US,United States,Vandenberg,,6627.0,1972-01-27,147.0,97.02,LLEO/S,Observation,D,Military
1972-F01,2441363.92,1972-02-16,Titan 33B,-,33B-2 (3B-37),OPS 1844,Jumpseat 2,-,-,VS,SLC4W,-,-,400.0,?,    -, ,-,1.0,SAMSO,OF,S2,G,Sat MOL O,AP,MM/Titan,Details unknown,HEO,Scientific,Titan,Titan 3,US,United States,Vandenberg,,,,,,,,,Government
1972-010,2441377.9,1972-03-01,Titan IIIC,-,23C-4 (3C-22),DSP 3,DSP 4,-,-,CC,LC40,-,-,35881.0, ,    -, ,-,0.903,SAMSO,OS,-,G,Sat GEO OO,AFT3,MM/Titan,-,GEO,Scientific,Titan,Titan 3,US,United States,Canaveral,,903.0,1979-10-29,35692.0,5.72,GEO/I,Observation,D,Military
1972-016,2441394.21,1972-03-17,Titan 24B,-,24B-3 (3B-34),KH-8A,GAMBIT-3 Mission 4334,-,-,VS,SLC4W,-,-,392.0, ,    -, ,-,4.392,SAMSO,OS,-,G,Sat LEO A,Wire,MM/Titan,-,LEO,Scientific,Titan,Titan 3,US,United States,Vandenberg,,2426.0,1972-03-24,135.0,110.97,LLEO/R,Observation,D,Military
1972-F03,2441458.15,1972-05-20,Titan 24B,-,24B-4 (3B-35),KH-8A,GAMBIT-3 Mission 4335,-,-,VS,SLC4W,-,-,197.0, ,    -, ,-,4.5,SAMSO,OF,S2G,G,Sat LEO A,Wire,MM/Titan,Control gas issue,LEO,Scientific,Titan,Titan 3,US,United States,Vandenberg,,,,,,,,,Government
1972-052,2441506.24,1972-07-07,Titan IIID,-,23D-5,HEXAGON SV3,HEXAGON SV-3,-,-,VS,SLC4E,-,-,252.0, ,    -, ,-,9.075,SAMSO,OS,-,G,Sat SSO O,HEXSTORY,MM/Titan,-,SSO,Scientific,Titan,Titan 3,US,United States,Vandenberg,,6632.0,1972-08-06,175.0,96.87,LLEO/S,Observation,D,Military
1972-068,2441562.23,1972-09-01,Titan 24B,-,24B-5 (3B-39),KH-8A,GAMBIT-3 Mission 4336,-,-,VS,SLC4W,-,-,382.0, ,    -, ,-,4.414,SAMSO,OS,-,G,Sat LEO A,Wire,MM/Titan,-,LEO,Scientific,Titan,Titan 3,US,United States,Vandenberg,,2400.0,1972-09-08,150.0,110.41,LLEO/R,Observation,D,Military
1972-079,2441601.25,1972-10-10,Titan IIID,-,23D-3,HEXAGON SV4,HEXAGON SV-4,-,-,VS,SLC4E,-,-,270.0, ,    -, ,-,8.904,SAMSO,OS,-,G,Sat SSO O,Wire,MM/Titan,-,SSO,Scientific,Titan,Titan 3,US,United States,Vandenberg,,6136.0,1972-11-09,160.0,96.43,LLEO/S,Observation,D,Military
1972-103,2441673.24,1972-12-21,Titan 24B,-,24B-6 (3B-40),KH-8A,GAMBIT-3 Mission 4337,-,-,VS,SLC4W,-,-,390.0, ,    -, ,-,4.414,SAMSO,OS,-,G,Sat LEO A,LR721221,MM/Titan,-,LEO,Scientific,Titan,Titan 3,US,United States,Vandenberg,,2400.0,1972-12-28,135.0,110.43,LLEO/R,Observation,D,Military
1973-014,2441751.38,1973-03-09,Titan IIID,-,23D-6,HEXAGON SV5,HEXAGON SV-5,-,-,VS,SLC4E,-,-,265.0, ,    -, ,-,9.527,SAMSO,OS,-,G,Sat SSO O,LR730310,MM/Titan,-,SSO,Scientific,Titan,Titan 3,US,United States,Vandenberg,,6546.0,1973-04-08,165.0,95.67,LLEO/S,Observation,D,Military
1973-028,2441819.19,1973-05-16,Titan 24B,-,24B-7 (3B-41),KH-8A,GAMBIT-3 Mission 4338,-,-,VS,SLC4W,-,-,392.0, ,    -, ,-,4.414,SAMSO,OS,-,G,Sat LEO A,LR730516,MM/Titan,-,LEO,Scientific,Titan,Titan 3,US,United States,Vandenberg,,2400.0,1973-05-23,135.0,110.51,LLEO/R,Observation,D,Military
1973-040,2441845.8,1973-06-12,Titan IIIC,-,23C-6  (3C-24),DSP 4,DSP 2,-,-,CC,LC40,-,-,35846.0, ,    -, ,-,0.966,SAMSO,OS,-,G,Sat GEO OO,AFT3,MM/Titan,-,GEO,Scientific,Titan,Titan 3,US,United States,Canaveral,,966.0,1979-10-30,35728.0,4.99,GEO/I,Observation,D,Military
1973-F04,2441860.21,1973-06-26,Titan 24B,-,24B-9  (3B-43),KH-8A,GAMBIT-3 Mission 4339,-,-,VS,SLC4W,-,-,130.0,?,    -, ,-,4.5,SAMSO,OF,S2P,G,Sat LEO A,LR730626,MM/Titan,Fuel valve,LEO,Scientific,Titan,Titan 3,US,United States,Vandenberg,,,,,,,,,Government
1973-046,2441877.35,1973-07-13,Titan IIID,-,23D-7,HEXAGON SV6,HEXAGON SV-6,-,-,VS,SLC4E,-,-,273.0, ,    -, ,-,9.526,SAMSO,OS,-,G,Sat SSO O,RAE/Wire,MM/Titan,-,SSO,Scientific,Titan,Titan 3,US,United States,Vandenberg,,6582.0,1973-08-13,155.0,96.2,LLEO/S,Observation,D,Military
1973-056,2441916.17,1973-08-21,Titan 33B,-,33B-3 (3B-38),OPS 7724,Jumpseat 3,-,-,VS,SLC4W,-,-,39206.0, ,    -, ,-,1.0,SAMSO,OS,-,G,Sat MOL O,JCM,MM/Titan,-,HEO,Scientific,Titan,Titan 3,US,United States,Vandenberg,,1000.0,1973-08-24,362.0,63.26,HEO/M,Observation,D,Military
1973-068,2441953.22,1973-09-27,Titan 24B,-,24B-8 (3B-42),KH-8A,GAMBIT-3 Mission 4340,-,-,VS,SLC4W,-,-,404.0, ,    -, ,-,4.414,SAMSO,OS,-,G,Sat LEO A,JCM,MM/Titan,-,LEO,Scientific,Titan,Titan 3,US,United States,Vandenberg,,2400.0,1973-10-04,128.0,110.46,LLEO/R,Observation,D,Military
1973-088,2441997.34,1973-11-10,Titan IIID,-,23D-8,HEXAGON SV7,HEXAGON SV-7,-,-,VS,SLC4E,-,-,263.0, ,    -, ,-,11.199,SAMSO,OS,-,G,Sat SSO O,TLE,MM/Titan,-,SSO,Scientific,Titan,Titan 3,US,United States,Vandenberg,,8069.0,1973-12-10,160.0,96.91,LLEO/S,Observation,D,Military
1973-100,2442030.5,1973-12-13,Titan IIIC,-,23C-8 (3C-26),DSCS II 3/4,DSCS II B-3,-,-,CC,LC40,-,-,35821.0, ,    -, ,-,1.17,SAMSO,OS,-,G,Sat GEO OO,AFT3,MM/Titan,-,GEO,Scientific,Titan,Titan 3,US,United States,Canaveral,,1170.0,1977-01-18,35752.0,0.31,GEO/S,Communications,D,Military
1974-F01,2442090.08,1974-02-11,Titan IIIE,-,23E-1/TC-1,Centaur Proof Test,VDS,-,-,CC,LC41,-,-,180.0, ,    -, ,-,3.611,LERC/SAMSO,OF,S3I,G,Sat GEO OO,TR-1022,MM/Titan,No ignition,GEO,Scientific,Titan,Titan 3,US,United States,Canaveral,,,,,,,,,Government
1974-007,2442092.25,1974-02-13,Titan 24B,-,24B-10 (3B-44),KH-8A,GAMBIT-3 Mission 4341,-,-,VS,SLC4W,-,-,394.0, ,    -, ,-,4.414,SAMSO,OS,-,G,Sat LEO A,TLE,MM/Titan,-,LEO,Scientific,Titan,Titan 3,US,United States,Vandenberg,,2400.0,1974-02-20,129.0,110.42,LLEO/R,Observation,D,Military
1974-020,2442148.35,1974-04-10,Titan IIID,-,23D-9,HEXAGON SV8,HEXAGON SV-8,-,-,VS,SLC4E,-,-,272.0, ,    -, ,-,10.744,SAMSO,OS,-,G,Sat LEO O,TLE,MM/Titan,-,LEO,Scientific,Titan,Titan 3,US,United States,Vandenberg,,7249.0,1974-05-10,151.0,94.49,LLEO/P,Observation,D,Military
1974-039,2442198.04,1974-05-30,Titan IIIC,-,23C-9 (3C-27),ATS 6,ATS F,-,-,CC,LC40,-,-,35794.0, ,    -, ,-,1.357,SAMSO,OS,-,G,Sat GEO OO,AFT3,MM/Titan,-,GEO,Scientific,Titan,Titan 3,US,United States,Canaveral,,1357.0,1977-01-20,35779.0,0.41,GEO/S,Communications,C,Government
1974-042,2442205.19,1974-06-06,Titan 24B,-,24B-11 (3B-45),KH-8A,GAMBIT-3 Mission 4342,-,-,VS,SLC4W,-,-,407.0, ,    -, ,-,4.414,SAMSO,OS,-,G,Sat LEO A,LR740606,MM/Titan,-,LEO,Scientific,Titan,Titan 3,US,United States,Vandenberg,,2400.0,1974-06-13,124.0,110.49,LLEO/R,Observation,D,Military
1974-065,2442274.16,1974-08-14,Titan 24B,-,24B-12 (3B-46),KH-8A,GAMBIT-3 Mission 4343,-,-,VS,SLC4W,-,-,411.0, ,    -, ,-,4.414,SAMSO,OS,-,G,Sat LEO A,JCM,MM/Titan,-,LEO,Scientific,Titan,Titan 3,US,United States,Vandenberg,,2400.0,1974-08-21,123.0,110.51,LLEO/R,Observation,D,Military
1974-085,2442350.31,1974-10-29,Titan IIID,-,23D-4,HEXAGON SV9,HEXAGON SV-9,-,-,VS,SLC4E,-,-,273.0, ,    -, ,-,10.506,SAMSO,OS,-,G,Sat SSO O,Wire,MM/Titan,-,SSO,Scientific,Titan,Titan 3,US,United States,Vandenberg,,7426.0,1974-11-28,155.0,96.66,LLEO/S,Observation,D,Military
1974-097,2442391.8,1974-12-10,Titan IIIE,-,23E-2/TC-2,Helios 1,Helios 1,-,-,CC,LC41,-,-,-21954.0, ,    -, ,-,0.453,LERC/SAMSO,DS,-,G,Sat EEO SOE,TR-1022,MM/Titan,-,BEO,Scientific,Titan,Titan 3,US,United States,Canaveral,,370.0,1974-12-10,289.0,29.8,EEO,Other,C,Government
1975-017,2442481.7,1975-03-10,Titan 34B,-,34B-1 (3B-50),OPS 2439,Jumpseat 4,-,-,VS,SLC4W,-,-,39577.0, ,    -, ,-,1.0,SAMSO,OS,-,G,Sat MOL O,JCM,MM/Titan,-,HEO,Scientific,Titan,Titan 3,US,United States,Vandenberg,,1000.0,1975-03-12,342.0,63.47,HEO/M,Observation,D,Military
1975-032,2442521.2,1975-04-18,Titan 24B,-,24B-14 (3B-48),KH-8A,GAMBIT-3 Mission 4344,-,-,VS,SLC4W,-,-,400.0, ,    -, ,-,4.414,SAMSO,OS,-,G,Sat LEO A,TLE,MM/Titan,-,LEO,Scientific,Titan,Titan 3,US,United States,Vandenberg,,2400.0,1975-04-25,125.0,110.52,LLEO/R,Observation,D,Military
1975-040,2442553.09,1975-05-20,Titan IIIC,-,23C-7 (3C-25),DSCS II 5/6,DSCS II B-5,-,-,CC,LC40,-,-,236.0, ,    -, ,-,1.07,SAMSO,OS,-,G,Sat GEO OO,AFT3,MM/Titan,-,GEO,Scientific,Titan,Titan 3,US,United States,Canaveral,,1070.0,1975-05-22,151.0,28.58,LLEO/I,Communications,D,Military
1975-051,2442572.27,1975-06-08,Titan IIID,-,23D-10,HEXAGON SV10,HEXAGON SV-10,-,-,VS,SLC4E,-,-,264.0, ,    -, ,-,10.964,SAMSO,OS,-,G,Sat SSO O,LR750609,MM/Titan,-,SSO,Scientific,Titan,Titan 3,US,United States,Vandenberg,,7824.0,1975-07-08,156.0,96.36,LLEO/S,Observation,D,Military
1975-075,2442645.39,1975-08-20,Titan IIIE,-,23E-4/TC-4,Viking 1,Viking Orbiter 1,-,-,CC,LC41,-,-,-50629.0, ,    -, ,-,3.519,LERC/SAMSO,DS,-,G,Sat EEO E,AFT3,TR-1022,-,BEO,Scientific,Titan,Titan 3,US,United States,Canaveral,,3013.0,1975-08-20,183.0,29.3,EEO,Other,C,Government
1975-083,2442665.28,1975-09-09,Titan IIIE,-,23E-3/TC-3,Viking 2,Viking Orbiter 2,-,-,CC,LC41,-,-,-65940.0, ,    -, ,-,3.519,LERC/SAMSO,DS,-,G,Sat EEO E,AFT3,TR-1022,-,BEO,Scientific,Titan,Titan 3,US,United States,Canaveral,,3013.0,1975-09-09,178.0,29.3,EEO,Other,C,Government
1975-098,2442695.3,1975-10-09,Titan 24B,-,24B-13 (3B-47),KH-8A,GAMBIT-3 Mission 4345,-,-,VS,SLC4W,-,-,357.0, ,    -, ,-,4.414,SAMSO,OS,-,G,Sat SSO A,Wire,MM/Titan,-,SSO,Scientific,Titan,Titan 3,US,United States,Vandenberg,,2400.0,1975-10-16,119.0,96.4,LLEO/S,Observation,D,Military
1975-114,2442751.35,1975-12-04,Titan IIID,-,23D-13,HEXAGON SV11,HEXAGON SV-11,-,-,VS,SLC4E,-,-,229.0, ,    -, ,-,11.001,SAMSO,OS,-,G,Sat SSO O,TLE,MM/Titan,-,SSO,Scientific,Titan,Titan 3,US,United States,Vandenberg,,7842.0,1976-01-03,153.0,96.25,LLEO/S,Observation,D,Military
1975-118,2442760.72,1975-12-14,Titan IIIC,-,23C-11 (3C-29),DSP 5,DSP 8,-,-,CC,LC40,-,-,35866.0, ,    -, ,-,1.041,SAMSO,OS,-,G,Sat GEO OO,AFT3,MM/Titan,-,GEO,Scientific,Titan,Titan 3,US,United States,Canaveral,,1040.0,1980-04-21,35601.0,3.31,GEO/ID,Observation,D,Military
1976-003,2442792.73,1976-01-15,Titan IIIE,-,23E-5/TC-5,Helios 2,Helios 2,-,-,CC,LC41,-,-,-21032.0, ,    -, ,-,0.453,LERC/SAMSO,DS,-,G,Sat EEO E,AFT3,MM/Titan,-,BEO,Scientific,Titan,Titan 3,US,United States,Canaveral,,370.0,1976-01-15,284.0,30.3,EEO,Other,C,Government
1976-023,2442852.56,1976-03-15,Titan IIIC,-,23C-12 (3C-30),P74-1,LES 8,-,-,CC,LC40,-,-,35812.0, ,    -, ,-,1.304,SAMSO,OS,-,G,Sat GEO OO,AFT3,MM/Titan,-,GEO,Scientific,Titan,Titan 3,US,United States,Canaveral,,1182.0,1977-01-24,35751.0,25.21,GEO/T,COM/TECH,D,Military
1976-027,2442860.26,1976-03-22,Titan 24B,-,24B-18 (3B-52),KH-8A,GAMBIT-3 Mission 4346,-,-,VS,SLC4W,-,-,345.0, ,    -, ,-,4.414,SAMSO,OS,-,G,Sat SSO O,TLE,MM/Titan,-,SSO,Scientific,Titan,Titan 3,US,United States,Vandenberg,,2400.0,1976-03-29,124.0,96.4,LLEO/S,Observation,D,Military
1976-050,2442932.37,1976-06-02,Titan 34B,-,34B-5  (3B-55),OPS 7837,SDS 1,-,-,VS,SLC4W,-,-,39192.0, ,    -, ,-,0.8,SAMSO,OS,-,G,Sat MOL O,JG9602,MM/Titan,-,HEO,Scientific,Titan,Titan 3,US,United States,Vandenberg,,800.0,1976-06-02,311.0,63.5,HEO/M,Communications,D,Military
1976-059,2442955.63,1976-06-26,Titan IIIC,-,23C-10 (3C-28),DSP 6,DSP 7,-,-,CC,LC40,-,-,35819.0, ,    -, ,-,1.041,SAMSO,OS,-,G,Sat GEO OO,AFT3,MM/Titan,-,GEO,Scientific,Titan,Titan 3,US,United States,Canaveral,,1040.0,1979-11-06,35768.0,2.5,GEO/S,Observation,D,Military
1976-065,2442968.27,1976-07-08,Titan IIID,-,23D-14,HEXAGON SV12,HEXAGON SV-12,-,-,VS,SLC4E,-,-,238.0, ,    -, ,-,11.429,SAMSO,OS,-,G,Sat SSO O,JG9602,MM/Titan,-,SSO,Scientific,Titan,Titan 3,US,United States,Vandenberg,,8184.0,1976-08-07,157.0,96.98,LLEO/S,Observation,D,Military
1976-080,2442997.43,1976-08-06,Titan 34B,-,34B-6  (3B-56),OPS 7940,SDS 2,-,-,VS,SLC4W,-,-,39224.0, ,    -, ,-,0.8,SAMSO,OS,-,G,Sat MOL O,JG9602,MM/Titan,-,HEO,Scientific,Titan,Titan 3,US,United States,Vandenberg,,800.0,1976-08-06,350.0,62.5,HEO/M,Communications,D,Military
1976-094,2443037.28,1976-09-15,Titan 24B,-,24B-17 (3B-51),KH-8A,GAMBIT-3 Mission 4347,-,-,VS,SLC4W,-,-,333.0, ,    -, ,-,4.414,SAMSO,OS,-,G,Sat SSO O,JG9602,MM/Titan,-,SSO,Scientific,Titan,Titan 3,US,United States,Vandenberg,,2400.0,1976-10-02,131.0,96.4,LLEO/S,Observation,D,Military
1976-125,2443132.26,1976-12-19,Titan IIID,-,23D-15,KH-11,KH11-1 KENNAN,-,-,VS,SLC4E,-,-,531.0, ,    -, ,-,13.5,SAMSO,OS,-,G,Sat SSO O,JG9602,MM/Titan,-,SSO,Scientific,Titan,Titan 3,US,United States,Vandenberg,,8556.0,1977-01-18,339.0,96.95,LLEO/S,Observation,D,Military
1977-007,2443180.75,1977-02-06,Titan IIIC,-,23C-5  (3C-23),DSP 9,DSP 9,-,-,CC,LC40,-,-,35796.0, ,    -, ,-,1.041,SAMSO,OS,-,G,Sat GEO OO,AFT3,MM/Titan,-,GEO,Scientific,Titan,Titan 3,US,United States,Canaveral,,1040.0,1979-10-31,35777.0,2.02,GEO/S,Observation,D,Military
1977-019,2443216.28,1977-03-13,Titan 24B,-,24B-19 (3B-54),KH-8A,GAMBIT-3 Mission 4348,-,-,VS,SLC4W,-,-,357.0, ,    -, ,-,4.1,SAMSO,OS,-,G,Sat SSO O,JG9602,MM/Titan,-,SSO,Scientific,Titan,Titan 3,US,United States,Vandenberg,,2400.0,1977-04-12,120.0,96.4,LLEO/S,Observation,D,Military
1977-034,2443276.1,1977-05-12,Titan IIIC,-,23C-14 (3C-32),DSCS II 7/8,DSCS II C-7,-,-,CC,LC40,-,-,35793.0, ,    -, ,-,1.224,SAMSO,OS,-,G,Sat GEO OO,AFT3,MM/Titan,-,GEO,Scientific,Titan,Titan 3,US,United States,Canaveral,,1224.0,1977-06-12,35779.0,2.38,GEO/S,Communications,D,Military
1977-056,2443322.27,1977-06-27,Titan IIID,-,23D-17,HEXAGON SV13,HEXAGON SV-13,-,-,VS,SLC4E,-,-,242.0, ,    -, ,-,11.431,SAMSO,OS,-,G,Sat SSO O,JG9602,MM/Titan,-,SSO,Scientific,Titan,Titan 3,US,United States,Vandenberg,,8211.0,1977-07-27,157.0,97.0,LLEO/S,Observation,D,Military
1977-076,2443376.1,1977-08-20,Titan IIIE,-,23E-7/TC-7,Voyager 2,Voyager 2,-,-,CC,LC41,-,-,-20834.0, ,    -, ,-,1.026,LERC/SAMSO,DS,-,G,Sat EEO EE,AFT3,MM/Titan,-,BEO,Scientific,Titan,Titan 3,US,United States,Canaveral,,820.0,1977-08-20,325.0,41.86,EEO,Other,C,Government
1977-084,2443392.04,1977-09-05,Titan IIIE,-,23E-6/TC-6,Voyager 1,Voyager 1,-,-,CC,LC41,-,-,-20658.0, ,    -, ,-,1.026,LERC/SAMSO,DS,-,G,Sat EEO EE,AFT3,MM/Titan,-,BEO,Scientific,Titan,Titan 3,US,United States,Canaveral,,820.0,1977-09-05,327.0,28.51,EEO,Other,C,Government
1977-094,2443410.27,1977-09-23,Titan 24B,-,24B-23 (3B-58),KH-8A,GAMBIT-3 Mission 4349,-,-,VS,SLC4W,-,-,345.0, ,    -, ,-,4.1,SAMSO,OS,-,G,Sat SSO O,JG9602,MM/Titan,-,SSO,Scientific,Titan,Titan 3,US,United States,Vandenberg,,2400.0,1977-10-23,122.0,96.48,LLEO/S,Observation,D,Military
1978-021,2443564.71,1978-02-25,Titan 34B,-,34B-2  (3B-49),OPS 6031,Jumpseat 5,-,-,VS,SLC4W,-,-,34272.0, ,    -, ,-,1.0,SAMSO,OS,-,G,Sat MOL O,RAE,MM/Titan,-,HEO,Scientific,Titan,Titan 3,US,United States,Vandenberg,,1000.0,1978-03-01,805.0,63.5,GTO,Observation,D,Military
1978-029,2443584.28,1978-03-16,Titan IIID,-,23D-20,HEXAGON SV14,HEXAGON SV-14,-,-,VS,SLC4E,-,-,248.0, ,    -, ,-,11.831,SAMSO,OS,-,G,Sat SSO O,TLE,MM/Titan,-,SSO,Scientific,Titan,Titan 3,US,United States,Vandenberg,,8611.0,1978-04-15,160.0,96.4,LLEO/S,Observation,D,Military
1978-F01,2443593.26,1978-03-25,Titan IIIC,-,23C-17 (3C-35),DSCS II 9/10,DSCS II C-9,-,-,CC,LC40,-,-,150.0, ,    -, ,-,1.2,SAMSO,OF,S2P,G,Sat GEO OO,AFT3,MM/Titan,S2 underperformed,GEO,Scientific,Titan,Titan 3,US,United States,Canaveral,,,,,,,,,Government
1978-058,2443670.3,1978-06-10,Titan IIIC,-,23C-15 (3C-33),OPS 9454,CHALET 1,-,-,CC,LC40,-,-,42039.0, ,    -, ,-,1.0,SAMSO,OS,-,G,Sat GEO OO,AFT3,MM/Titan,-,GEO,Scientific,Titan,Titan 3,US,United States,Canaveral,,1000.0,1978-07-01,29929.0,12.0,GEO/NS,Observation,D,Military
1978-060,2443674.27,1978-06-14,Titan IIID,-,23D-18,KH-11,KH11-2 KENNAN,-,-,VS,SLC4E,-,-,483.0, ,    -, ,-,13.5,SAMSO,OS,-,G,Sat SSO O,TLE,MM/Titan,-,SSO,Scientific,Titan,Titan 3,US,United States,Vandenberg,,8556.0,1978-07-15,270.0,96.82,LLEO/S,Observation,D,Military
1978-075,2443725.71,1978-08-05,Titan 34B,-,34B-7  (3B-57),OPS 7310,SDS 3,-,-,VS,SLC4W,-,-,39377.0, ,    -, ,-,0.8,SAMSO,OS,-,G,Sat MOL O,RAE,MM/Titan,-,HEO,Scientific,Titan,Titan 3,US,United States,Vandenberg,,800.0,1978-08-05,311.0,63.2,HEO/M,Communications,D,Military
1978-113,2443856.53,1978-12-14,Titan IIIC,-,23C-18 (3C-36),DSCS II 11/12,DSCS II C-11,-,-,CC,LC40,-,-,35792.0, ,    -, ,-,1.22,SAMSO,OS,-,G,Sat GEO OO,patrick.af.mil,MM/Titan,-,GEO,Scientific,Titan,Titan 3,US,United States,Canaveral,,1220.0,1979-02-13,35776.0,2.31,GEO/S,Communications,D,Military
1979-025,2443949.27,1979-03-16,Titan IIID,-,23D-21,HEXAGON SV15,HEXAGON SV-15,-,-,VS,SLC4E,-,-,255.0, ,    -, ,-,11.831,SAMSO,OS,-,G,Sat SSO O,TLE,MM/Titan,-,SSO,Scientific,Titan,Titan 3,US,United States,Vandenberg,,8611.0,1979-04-15,167.0,96.37,LLEO/S,Observation,D,Military
1979-044,2444022.27,1979-05-28,Titan 24B,-,24B-25 (3B-61),KH-8A,GAMBIT-3 Mission 4350,-,-,VS,SLC4W,-,-,303.0, ,    -, ,-,4.1,SAMSO,OS,-,G,Sat SSO O,TLE,MM/Titan,-,SSO,Scientific,Titan,Titan 3,US,United States,Vandenberg,,2400.0,1979-06-27,119.0,96.4,LLEO/S,Observation,D,Military
1979-053,2444035.07,1979-06-10,Titan IIIC,-,23C-13 (3C-31),DSP 11,DSP 11,-,-,CC,LC40,-,-,35785.0, ,    -, ,-,1.181,SAMSO,OS,-,G,Sat GEO OO,CCMOPS,MM/Titan,-,GEO,Scientific,Titan,Titan 3,US,United States,Canaveral,,1180.0,1979-06-11,35671.0,3.0,GEO/ID,Observation,D,Military
1979-086,2444147.97,1979-10-01,Titan IIIC,-,23C-16 (3C-34),OPS 1948,VORTEX 2,-,-,CC,LC40,-,-,41497.0, ,    -, ,-,1.0,AFSD,OS,-,G,Sat GEO OO,AFT3,MM/Titan,-,GEO,Scientific,Titan,Titan 3,US,United States,Canaveral,,1000.0,1979-11-01,30443.0,7.5,GEO/NS,Observation,D,Military
1979-098,2444198.59,1979-11-21,Titan IIIC,-,23C-19 (3C-37),DSCS II 13/14,DSCS II D-13,-,-,CC,LC40,-,-,35787.0, ,    -, ,-,1.22,AFSD,OS,-,G,Sat GEO OO,patrick.af.mil,MM/Titan,-,GEO,Scientific,Titan,Titan 3,US,United States,Canaveral,,1220.0,1979-12-21,35536.0,2.37,GEO/D,Communications,D,Military
1980-010,2444277.38,1980-02-07,Titan IIID,-,23D-19,KH-11,KH11-3 KENNAN,-,-,VS,SLC4E,-,-,485.0, ,    -, ,-,13.5,AFSD,OS,-,G,Sat SSO O,LR800208,MM/Titan,-,SSO,Scientific,Titan,Titan 3,US,United States,Vandenberg,,8556.0,1980-03-09,304.0,97.05,LLEO/S,Observation,D,Military
1980-052,2444409.27,1980-06-18,Titan IIID,-,23D-16,HEXAGON SV16,HEXAGON SV-16,-,-,VS,SLC4E,-,-,245.0, ,    -, ,-,11.611,AFSD,OS,-,G,Sat SSO O,TLE,MM/Titan,-,SSO,Scientific,Titan,Titan 3,US,United States,Vandenberg,,8331.0,1980-07-18,164.0,96.44,LLEO/S,Observation,D,Military
1980-100,2444587.17,1980-12-13,Titan 34B,-,34B-3  (3B-53),OPS 5805,SDS 4,-,-,VS,SLC4W,-,-,39130.0, ,    -, ,-,0.8,AFSD,OS,-,G,Sat MOL O,Insprucker,MM/Titan,-,HEO,Scientific,Titan,Titan 3,US,United States,Vandenberg,,800.0,1980-12-13,250.0,63.8,HEO/M,Communications,D,Military
1981-019,2444664.3,1981-02-28,Titan 24B,-,24B-24 (3B-59),KH-8A,GAMBIT-3 Mission 4351,-,-,VS,SLC4W,-,-,263.0, ,    -, ,-,4.1,AFSD,OS,-,G,Sat SSO O,TLE,MM/Titan,-,SSO,Scientific,Titan,Titan 3,US,United States,Vandenberg,,2400.0,1981-04-02,126.0,96.32,LLEO/S,Observation,D,Military
1981-025,2444680.31,1981-03-16,Titan IIIC,-,23C-22 (3C-40),DSP 10,DSP 10,-,-,CC,LC40,-,-,35800.0, ,    -, ,-,1.18,AFSD,OS,-,G,Sat GEO OO,patrick.af.mil,MM/Titan,-,GEO,Scientific,Titan,Titan 3,US,United States,Canaveral,,1180.0,1981-05-01,35750.0,0.0,GEO/S,Observation,D,Military
1981-038,2444719.4,1981-04-24,Titan 34B,-,34B-8  (3B-60),OPS 7225,Jumpseat 6,-,-,VS,SLC4W,-,-,39300.0, ,    -, ,-,1.0,AFSD,OS,-,G,Sat MOL O,LR810426,MM/Titan,-,HEO,Scientific,Titan,Titan 3,US,United States,Vandenberg,,1000.0,1981-04-24,500.0,63.0,HEO/M,Observation,D,Military
1981-085,2444851.27,1981-09-03,Titan IIID,-,23D-22,KH-11,KH11-4 KENNAN,-,-,VS,SLC4E,-,-,511.0, ,    -, ,-,13.5,AFSD,OS,-,G,Sat SSO O,TLE,MM/Titan,-,SSO,Scientific,Titan,Titan 3,US,United States,Vandenberg,,8556.0,1981-11-05,276.0,97.0,LLEO/S,Observation,D,Military
1981-107,2444908.89,1981-10-31,Titan IIIC,-,23C-21 (3C-39),OPS 4029,VORTEX 3,-,-,CC,LC40,-,-,41500.0, ,    -, ,-,1.0,AFSD,OS,-,G,Sat GEO OO,patrick.af.mil,MM/Titan,-,GEO,Scientific,Titan,Titan 3,US,United States,Canaveral,,1000.0,1981-12-01,30500.0,10.0,GEO/NS,Observation,D,Military
1982-006,2444991.31,1982-01-21,Titan 24B,-,24B-26 (3B-62),KH-8A,GAMBIT-3 Mission 4352,-,-,VS,SLC4W,-,-,645.0, ,    -, ,-,4.183,AFSD,OS,-,G,Sat SSO A,Insprucker,MM/Titan,-,SSO,Scientific,Titan,Titan 3,US,United States,Vandenberg,,2527.0,1982-02-20,606.0,97.25,LEO/S,Observation,D,Military
1982-019,2445035.31,1982-03-06,Titan IIIC,-,23C-20 (3C-38),DSP 13,DSP 13,-,-,CC,LC40,-,-,35804.0, ,    -, ,-,1.18,AFSD,OS,-,G,Sat GEO OO,patrick.af.mil,MM/Titan,-,GEO,Scientific,Titan,Titan 3,US,United States,Canaveral,,1180.0,1982-04-05,35733.0,1.93,GEO/D,Observation,D,Military
1982-041,2445101.27,1982-05-11,Titan IIID,-,23D-24,HEXAGON SV17,HEXAGON SV-17,-,-,VS,SLC4E,-,-,252.0, ,    -, ,-,11.882,AFSD,OS,-,G,Sat SSO O,Insprucker,MM/Titan,-,SSO,Scientific,Titan,Titan 3,US,United States,Vandenberg,,8942.0,1982-06-11,167.0,96.39,LLEO/S,Observation,D,Military
1982-106,2445272.67,1982-10-30,Titan 34D/IUS,-,34D-1  (04D-5?),DSCS II/DSCS III,DSCS II F-16,-,-,CC,LC40,-,-,35775.0, ,    -, ,-,1.759,AFSD,OS,-,G,Sat GEO OOO,patrick.af.mil,MM/Titan,-,GEO,Scientific,Titan,Titan 3,US,United States,Canaveral,,1759.0,1982-11-30,35643.0,2.39,GEO/D,Communications,D,Military
1982-111,2445291.39,1982-11-17,Titan IIID,-,23D-23,KH-11,KH11-5 KENNAN,-,-,VS,SLC4E,-,-,454.0, ,    -, ,-,13.5,AFSD,OS,-,G,Sat SSO O,TLE,MM/Titan,-,SSO,Scientific,Titan,Titan 3,US,United States,Vandenberg,,8556.0,1983-02-07,271.0,96.97,LLEO/S,Observation,D,Military
1983-032,2445440.28,1983-04-15,Titan 24B,-,24B-27 (3B-63),KH-8A,GAMBIT-3 Mission 4353,-,-,VS,SLC4W,-,-,264.0, ,    -, ,-,4.1,AFSD,OS,-,G,Sat SSO A,LR830415,MM/Titan,-,SSO,Scientific,Titan,Titan 3,US,United States,Vandenberg,,2400.0,1983-05-15,127.0,96.51,LLEO/S,Observation,D,Military
1983-060,2445506.28,1983-06-20,Titan 34D,-,34D-5  (04D-3),HEXAGON SV18,HEXAGON SV-18,-,-,VS,SLC4E,-,-,229.0, ,    -, ,-,11.662,AFSD,OS,-,G,Sat SSO O,LR830620,MM/Titan,-,SSO,Scientific,Titan,Titan 3,US,United States,Vandenberg,,8662.0,1983-06-20,169.0,96.5,LLEO/S,Observation,D,Military
1983-078,2445547.15,1983-07-31,Titan 34B,-,34B-9  (3B-65),OPS 7304,Jumpseat 7,-,-,VS,SLC4W,-,-,38347.0, ,    -, ,-,1.0,AFSD,OS,-,G,Sat MOL O,LR830801,MM/Titan,-,HEO,Scientific,Titan,Titan 3,US,United States,Vandenberg,,1000.0,1983-08-01,342.0,63.6,GTO,Observation,D,Military
1984-009,2445730.63,1984-01-31,Titan 34D/Transtage,-,34D-10 (05D-1),OPS 0441,VORTEX 4,-,-,CC,LC40,-,-,35790.0, ,    -, ,-,1.0,AFSD,OS,-,G,Sat GEO OO,patrick.af.mil,MM/Titan,-,GEO,Scientific,Titan,Titan 3,US,United States,Canaveral,,1000.0,1984-04-01,35784.0,0.1,GEO/S,Observation,D,Military
1984-037,2445805.2,1984-04-14,Titan 34D/Transtage,-,34D-11 (05D-2),DSP 12,DSP 12,-,-,CC,LC40,-,-,35800.0, ,    -, ,-,1.18,AFSD,OS,-,G,Sat GEO SO,patrick.af.mil,MM/Titan,-,GEO,Scientific,Titan,Titan 3,US,United States,Canaveral,,1180.0,1984-06-13,35780.0,1.0,GEO/S,Observation,D,Military
1984-039,2445808.28,1984-04-17,Titan 24B,-,24B-28 (3B-67),KH-8A,GAMBIT-3 Mission 4354,-,-,VS,SLC4W,-,-,235.0, ,    -, ,-,4.1,AFSD,OS,-,G,Sat SSO A,LR840418,MM/Titan,-,SSO,Scientific,Titan,Titan 3,US,United States,Vandenberg,,2400.0,1984-04-17,127.0,96.4,LLEO/S,Observation,D,Military
1984-065,2445877.28,1984-06-25,Titan 34D,-,34D-4  (04D-1),USA 2/3 [HEX SV19],HEXAGON SV-19,-,-,VS,SLC4E,-,-,262.0, ,    -, ,-,10.74,AFSD,OS,-,G,Sat SSO O,Insprucker,MM/Titan,-,SSO,Scientific,Titan,Titan 3,US,United States,Vandenberg,,6720.0,1984-06-27,169.0,96.4,LLEO/S,Observation,D,Military
1984-091,2445941.25,1984-08-28,Titan 34B,-,34B-4  (3B-64),USA 4        [JS7],SDS 5,-,-,VS,SLC4W,-,-,39315.0, ,    -, ,-,0.8,AFSD,OS,-,G,Sat MOL O,LR840829,MM/Titan,-,HEO,Scientific,Titan,Titan 3,US,United States,Vandenberg,,800.0,1984-09-05,379.0,63.3,HEO/M,Communications,D,Military
1984-122,2446039.25,1984-12-04,Titan 34D,-,34D-6  (04D-4),USA 6       [KH11-6],KH11-6 KENNAN,-,-,VS,SLC4E,-,-,922.0, ,    -, ,-,13.5,AFSD,OS,-,G,Sat SSO O,Insprucker,MM/Titan,-,SSO,Scientific,Titan,Titan 3,US,United States,Vandenberg,,8556.0,1989-08-09,330.0,97.98,LEO/S,Observation,D,Military
1984-129,2446056.5,1984-12-22,Titan 34D/Transtage,-,34D-13 (05D-3),USA 7        [DSP 6],DSP 6R,-,-,CC,LC40,-,-,35805.0, ,    -, ,-,1.68,AFSD,OS,-,G,Sat GEO OO,patrick.af.mil,MM/Titan,-,GEO,Scientific,Titan,Titan 3,US,United States,Canaveral,,1680.0,1984-12-31,35777.0,0.1,GEO/S,Observation,D,Military
1985-014,2446104.76,1985-02-08,Titan 34B,-,34B-10 (3B-69),USA 9        [SDS6],SDS 6,-,-,VS,SLC4W,-,-,39700.0, ,    -, ,-,0.8,AFSD,OS,-,G,Sat MOL O,LR850208,MM/Titan,-,HEO,Scientific,Titan,Titan 3,US,United States,Vandenberg,,800.0,1985-02-08,400.0,63.0,HEO/M,Communications,D,Military
1985-F02,2446306.39,1985-08-28,Titan 34D,-,34D-7  (04D-6),-            [IC1],Improved CRYSTAL 2101?,-,-,VS,SLC4E,-,-,100.0,?,    -, ,-,13.5,AFSD,OF,S1I,G,Sat SSO O,LR850829,MM/Titan,S1 engine issues,SSO,Scientific,Titan,Titan 3,US,United States,Vandenberg,,,,,,,,,Government
1986-F03,2446539.28,1986-04-18,Titan 34D,-,34D-9  (04D-2),HEXAGON SV20,HEXAGON SV-20,-,-,VS,SLC4E,-,-,0.0, ,    -, ,-,10.64,AFSD,OF,S0P,G,Sat SSO O,Mishap-86-4-18-701,MM/Titan,SRM failed,SSO,Scientific,Titan,Titan 3,US,United States,Vandenberg,,,,,,,,,Government
1987-015,2446838.78,1987-02-12,Titan 34B,-,34B-51 (3B-66),USA 21       [SDS7],QUASAR 7?,-,-,VS,SLC4W,-,-,39750.0, ,    -, ,-,0.8,AFSD,OS,-,G,Sat MOL O,LR870212,MM/Titan,-,HEO,Scientific,Titan,Titan 3,US,United States,Vandenberg,,800.0,1987-03-01,610.0,63.4,HEO/M,Communications,D,Military
1987-090,2447095.4,1987-10-26,Titan 34D,-,34D-15 (04D-8),USA 27       [IC2],Improved CRYSTAL 2102,-,-,VS,SLC4E,-,-,985.0, ,    -, ,-,13.5,AFSD,OS,-,G,Sat SSO O,AP,MM/Titan,-,SSO,Scientific,Titan,Titan 3,US,United States,Vandenberg,,8500.0,1989-07-12,277.0,97.91,LEO/S,Observation,D,Military
1987-097,2447128.64,1987-11-29,Titan 34D/Transtage,-,34D-8  (05D-4),USA 28       [DSP5],DSP 5R,-,-,CC,LC40,-,-,35800.0, ,    -, ,-,1.68,AFSD,OS,-,G,Sat GEO SO,patrick.af.mil,MM/Titan,-,GEO,Scientific,Titan,Titan 3,US,United States,Canaveral,,1680.0,1988-02-01,35750.0,0.0,GEO/S,Observation,D,Military
1988-077,2447407.0,1988-09-02,Titan 34D/Transtage,-,34D-3  (05D-5),USA 31       [CY12],VORTEX 5,-,-,CC,LC40,-,-,39400.0, ,    -, ,-,1.0,AFSD,OS,-,G,Sat GEO OO,patrick.af.mil,MM/Titan,-,GEO,Scientific,Titan,Titan 3,US,United States,Canaveral,,1000.0,1988-11-01,470.0,26.7,GTO,Observation,D,Military
1988-078,2447409.89,1988-09-05,Titan II SLV,-,23G-1,USA 32       [T2-1],P-11 No. 5103,-,-,VS,SLC4W,-,-,794.0, ,    -, ,-,1.45,AFSD,OS,-,G,Sat LEO O,LR880906,MM/Titan,-,LEO,Scientific,Titan,Titan 2,US,United States,Vandenberg,,1450.0,1991-04-27,785.0,84.99,LEO/I,Observation,D,Military
1988-099,2447472.25,1988-11-06,Titan 34D,-,34D-14 (04D-7),USA 33       [IC3],Improved CRYSTAL 2103,-,-,VS,SLC4E,-,-,884.0, ,    -, ,-,13.5,AFSD,OS,-,G,Sat SSO O,LR881107,MM/Titan,-,SSO,Scientific,Titan,Titan 3,US,United States,Vandenberg,,8500.0,1989-05-06,302.0,97.83,LLEO/S,Observation,D,Military
1989-035,2447657.32,1989-05-10,Titan 34D/Transtage,-,34D-16 (05D-6),USA 37       [CY13],VORTEX 6,-,-,CC,LC40,-,-,41000.0, ,    -, ,-,1.0,AFSSD2,OS,-,G,Sat GEO OO,patrick.af.mil,MM/Titan,-,GEO,Scientific,Titan,Titan 3,US,United States,Canaveral,,1000.0,1989-07-01,31000.0,10.0,GEO/NS,Observation,D,Military
1989-046,2447692.05,1989-06-14,Titan 402A/IUS,-,K-1    (45D-1),USA 39       [DSP14],DSP 14,-,-,CC,LC41,-,-,36123.0, ,    -, ,-,2.361,AFSSD2,OS,-,G,Sat GEO OOO,patrick.af.mil,MM/Titan,-,GEO,Scientific,Titan,Titan 4,US,United States,Canaveral,,2360.0,2000-04-11,35449.0,5.0,GEO/I,Observation,D,Military
1989-069,2447773.75,1989-09-04,Titan 34D/Transtage,-,34D-2  (05D-7),USA 43/44 (DSCS),DSCS II E-15,-,-,CC,LC40,-,-,35800.0, ,    -, ,-,1.748,AFSSD2,OS,-,G,Sat GEO OO,AWST890911-41,MM/Titan,-,GEO,Scientific,Titan,Titan 3,US,United States,Canaveral,,1748.0,1989-12-01,35750.0,0.0,GEO/S,Communications,D,Military
1989-072,2447775.58,1989-09-06,Titan II SLV,-,23G-2,USA 45       [T2-2],P-11 No. 5104,-,-,VS,SLC4W,-,-,300.0, ,    -, ,-,1.45,AFSSD2,OS,-,G,Sat LEO O,RAE/MAX,MM/Titan,-,LEO,Scientific,Titan,Titan 2,US,United States,Vandenberg,,1450.0,1989-09-06,185.0,85.0,LLEO/P,Observation,D,Military
1990-001,2447892.5,1990-01-01,Commercial Titan 3,-,CT-1,Skynet/JCSAT,Skynet 4A,-,-,CC,LC40,-,-,35787.0, ,    -, ,-,8.033,MMA,OS,-,CO,Sat LEO O,Wire,MM/Titan,-,LEO,Scientific,Titan,Titan 3,US,United States,Canaveral,,3043.0,1990-01-31,35449.0,3.37,GEO/ID,Communications,D,Military
1990-021,2447964.99,1990-03-14,Commercial Titan 3,-,CT-2,Intelsat 603,INTELSAT VI F-3,-,-,CC,LC40,-,-,560.0, ,    -, ,-,7.913,MMA,OF25,PA,CO,Sat LEO O,Wire,-,No payload sep,LEO,Scientific,Titan,Titan 3,US,United States,Canaveral,,4286.0,1990-09-10,548.0,28.34,LLEO/I,Communications,C,Commercial
1990-050,2448050.72,1990-06-08,Titan 405A,-,K-4    (45H-4),USA 59-62   [NOSS10],SLDCOM 1/INTRUDER 1,-,-,CC,LC41,-,-,11517.0, ,    -, ,-,4.2,AFSSD2,OS,-,G,Sat LEO O,patrick.af.mil,-,-,LEO,Scientific,Titan,Titan 4,US,United States,Canaveral,,4200.0,2007-01-31,1239.0,63.42,MEO,Observation,D,Military
1990-056,2448065.97,1990-06-23,Commercial Titan 3,-,CT-3,Intelsat 604,INTELSAT VI F-4,-,-,CC,LC40,-,-,35887.0, ,    -, ,-,5.013,MMA,OS,-,CO,Sat LEO O,Wire,-,-,LEO,Scientific,Titan,Titan 3,US,United States,Canaveral,,4286.0,1990-07-26,35692.0,0.33,GEO/S,Communications,C,Commercial
1990-095,2448208.53,1990-11-13,Titan 402A/IUS,-,K-6    (45D-2),USA 65       [DSP15],DSP 15,-,-,CC,LC41,-,-,35803.0, ,    -, ,-,2.38,AFSSD2,OS,-,G,Sat GEO OOO,patrick.af.mil,-,-,GEO,Scientific,Titan,Titan 4,US,United States,Canaveral,,2380.0,2000-03-23,35770.0,4.0,GEO/I,Observation,D,Military
1991-017,2448324.0,1991-03-08,Titan 403A,-,K-5    (45F-1),USA 69       [LAC2],LACROSSE 2,-,-,VS,SLC4E,-,-,676.0, ,    -, ,-,9.0,AFSSD2,OS,-,G,Sat LEO O,Wire,-,-,LEO,Scientific,Titan,Titan 4,US,United States,Vandenberg,,9000.0,1991-05-11,672.0,68.03,LEO/I,IMG-R,D,Military
1991-076,2448568.8,1991-11-08,Titan 403A,-,K-8    (45F-2),USA 72-77   [NOSS11],SLDCOM 2/INTRUDER 2,-,-,VS,SLC4E,-,-,11613.0, ,    -, ,-,4.398,AFSSD2,OS,-,G,Sat LEO O,AWST911118-20,-,-,LEO,Scientific,Titan,Titan 4,US,United States,Vandenberg,,4200.0,2007-02-17,2633.0,63.36,MEO,Observation,D,Military
1992-023,2448737.87,1992-04-25,Titan II SLV,-,23G-3,USA 81       [T2-3],P-11 No. 5105,-,-,VS,SLC4W,-,-,797.0, ,    -, ,-,1.45,AFSSD2,OS,-,G,Sat LEO O,Wire,-,-,LEO,Scientific,Titan,Titan 2,US,United States,Vandenberg,,1450.0,1992-06-15,791.0,85.02,LEO/P,Observation,D,Military
1992-063,2448891.21,1992-09-25,Commercial Titan 3,-,CT-4,Mars Observer,Mars Observer,-,-,CC,LC40,-,-,-78711.0, ,    -, ,-,3.565,MMA,DS,-,CO/G,Sat EEO OE,Wire,-,-,BEO,Scientific,Titan,Titan 3,US,United States,Canaveral,,2565.0,1992-09-25,287.0,29.3,EEO,Other,C,Commercial
1992-083,2448955.4,1992-11-28,Titan 404A,-,K-3    (45J-1),USA 86       [IC4],Improved CRYSTAL 2104,-,-,VS,SLC4E,-,-,1013.0, ,    -, ,-,13.5,AFSMC,OS,-,G,Sat SSO O,AWST921207-19,-,-,SSO,Scientific,Titan,Titan 4,US,United States,Vandenberg,,13500.0,1993-07-02,264.0,97.88,LEO/S,Observation,D,Military
1993-F02,2449202.33,1993-08-02,Titan 403A,-,K-11   (45F-9),-           [NOSS12],SLDCOM 3/INTRUDER 3,-,-,VS,SLC4E,-,-,33.0, ,    -, ,-,4.2,AFSMC,OF,S0P,G,Sat LEO O,Wire,-,SRM failed,LEO,Scientific,Titan,Titan 4,US,United States,Vandenberg,,,,,,,,,Government
1993-F04,2449266.25,1993-10-05,Titan II SLV,-,23G-5,Landsat 6,Landsat 6,-,-,VS,SLC4W,-,-,724.0, ,    -, ,-,2.75,AFSMC,OF,PG,G,Sat SSO A,Wire,-,PL lost attitude in burn,SSO,Scientific,Titan,Titan 2,US,United States,Vandenberg,,,,,,,,,Government
1994-004,2449378.19,1994-01-25,Titan II SLV,-,23G-11,DSPSE,DSPSE,-,-,VS,SLC4W,-,-,128608.0, ,    -, ,-,0.541,AFSMC,DS,-,G,Sat LEO O,Wire,-,-,LEO,Scientific,Titan,Titan 2,US,United States,Vandenberg,,459.0,1994-02-01,257.0,66.87,VHEO,Other,D,Military
1994-009,2449391.41,1994-02-07,Titan 401A/Centaur,-,K-10/TC-12  (45E-3),USA 99  (Milstar 1),Milstar DFS-1,-,-,CC,LC40,-,-,35796.0, ,    -, ,-,4.5,AFSMC,OS,-,G,Sat GEO O,Wire,-,-,GEO,Scientific,Titan,Titan 4,US,United States,Canaveral,,4500.0,1999-03-09,35777.0,0.01,GEO/S,Communications,D,Military
1994-026,2449476.16,1994-05-03,Titan 401A/Centaur,-,K-7/TC-10   (45E-1),USA 103      [JS8],TRUMPET 1,-,-,CC,LC41,-,-,38728.0, ,    -, ,-,1.232,AFSMC,OS,-,G,Sat MOL O,Cleary06,-,-,HEO,Scientific,Titan,Titan 4,US,United States,Canaveral,,1232.0,1999-08-19,1628.0,63.06,HEO/M,Observation,D,Military
1994-054,2449591.87,1994-08-27,Titan 401A/Centaur,-,K-9/TC-11   (45E-2),USA 105      [CY14],MERCURY 1,-,-,CC,LC41,-,-,35981.0, ,    -, ,-,4.5,AFSMC,OS,-,G,Sat GEO O,Cleary06,-,-,GEO,Scientific,Titan,Titan 4,US,United States,Canaveral,,4500.0,2008-04-07,35592.0,4.6,GEO/I,Observation,D,Military
1994-084,2449709.43,1994-12-22,Titan 402A/IUS,-,K-14        (45D-3),USA 107      [DSP17],DSP 17,-,-,CC,LC40,-,-,35800.0, ,    -, ,-,2.36,AFSMC,OS,-,G,Sat GEO OOO,Wire,-,-,GEO,Scientific,Titan,Titan 4,US,United States,Canaveral,,2360.0,1995-03-01,35750.0,0.0,GEO/S,Observation,D,Military
1995-022,2449852.07,1995-05-14,Titan 401A/Centaur,-,K-23/TC-17  (45E-8),USA 110      [RH7],ORION 3,-,-,CC,LC40,-,-,35800.0, ,    -, ,-,5.0,AFSMC,OS,-,G,Sat GEO O,Wire,-,-,GEO,Scientific,Titan,Titan 4,US,United States,Canaveral,,5000.0,1995-07-01,35750.0,0.0,GEO/S,Observation,D,Military
1995-034,2449909.03,1995-07-10,Titan 401A/Centaur,-,K-19/TC-8   (45E-5),USA 112      [JS9],TRUMPET 2,-,-,CC,LC41,-,-,38780.0, ,    -, ,-,3.0,AFSMC,OS,-,G,Sat MOL O,Rigg,-,-,HEO,Scientific,Titan,Titan 4,US,United States,Canaveral,,3000.0,1999-07-11,1575.0,63.41,HEO/M,Observation,D,Military
1995-060,2450027.72,1995-11-06,Titan 401A/Centaur,-,K-21/TC-13  (45E-7),USA 115 (Milstar 2),Milstar DFS-2,-,-,CC,LC40,-,-,35795.0, ,    -, ,-,4.5,AFSMC,OS,-,G,Sat GEO O,Rigg,-,-,GEO,Scientific,Titan,Titan 4,US,United States,Canaveral,,4500.0,1996-07-18,35778.0,3.53,GEO/I,Communications,D,Military
1995-066,2450057.39,1995-12-05,Titan 404A,-,K-15        (45J-3),USA 116      [IC5],Improved CRYSTAL 2105,-,-,VS,SLC4E,-,-,1012.0, ,    -, ,-,13.5,4SLS/AFSMC,OS,-,G,Sat SSO O,Rigg,-,-,SSO,Scientific,Titan,Titan 4,US,United States,Vandenberg,,13500.0,1996-04-16,409.0,97.75,LEO/S,IMG*,D,Military
1996-026,2450198.48,1996-04-24,Titan 401A/Centaur,-,K-16/TC-15  (45E-4),USA 118      [CY15],MERCURY 2,-,-,CC,LC41,-,-,35800.0, ,    -, ,-,4.5,3SLS/AFSMC,OS,-,G,Sat GEO O,Rigg,-,-,GEO,Scientific,Titan,Titan 4,US,United States,Canaveral,,4500.0,1996-05-01,35780.0,0.1,GEO/S,Observation,D,Military
1996-029,2450216.4,1996-05-12,Titan 403A,-,K-22   (45F-11),USA 119-124 [NOSS13],SLDCOM 4/INTRUDER 4,-,-,VS,SLC4E,-,-,1165.0, ,    -, ,-,4.254,4SLS/AFSMC,OS,-,G,Sat LEO O,Rigg,-,-,LEO,Scientific,Titan,Titan 4,US,United States,Vandenberg,,4254.0,1996-06-12,1051.0,63.41,LEO/I,Observation,D,Military
1996-038,2450267.52,1996-07-03,Titan 405A,-,K-2    (45H-1),USA 125      [SDS11],QUASAR 11?,CYGNUS,-,CC,LC40,-,-,39327.0, ,    -, ,-,9.512,3SLS/AFSMC,OS,-,G,Sat LEO O,Wire,-,-,LEO,Scientific,Titan,Titan 4,US,United States,Canaveral,,5852.0,2005-02-10,1020.0,64.13,GTO,Communications,D,Military
1996-072,2450438.25,1996-12-20,Titan 404A,-,K-13   (45J-5),USA 129      [IC6],Improved CRYSTAL 2106,NROL-02,-,VS,SLC4E,-,-,1040.0, ,    -, ,-,13.5,4SLS/AFSMC,OS,-,G,Sat SSO O,Wire,-,-,SSO,Scientific,Titan,Titan 4,US,United States,Vandenberg,,13500.0,1997-01-28,264.0,97.87,LEO/S,Observation,D,Military
1997-008,2450503.35,1997-02-23,Titan 402B/IUS,-,"4B-24 (K-24, 45D-4)",USA 130      [DSP18],DSP 20,-,-,CC,LC40,-,-,35800.0, ,    -, ,-,2.361,3SLS/AFSMC,OS,-,G,Sat GEO OOO,Wire,-,-,GEO,Scientific,Titan,Titan 4,US,United States,Canaveral,,2360.0,1997-02-25,35780.0,0.1,GEO/S,Observation,D,Military
1997-012,2450543.2,1997-04-04,Titan II SLV,-,23G-6,USA 131 (DMSP),DMSP Block 5D-2 S-14,-,-,VS,SLC4W,-,-,855.0, ,    -, ,-,1.462,4SLS/AFSMC,OS,-,G,Sat SSO A,Wire,-,-,SSO,Scientific,Titan,Titan 2,US,United States,Vandenberg,,749.0,1997-05-04,842.0,98.94,LEO/S,Observation,D,Military
1997-061,2450736.86,1997-10-15,Titan 401B/Centaur,-,4B-33/TC-21 (45E-13),Cassini,Cassini,-,-,CC,LC40,-,-,-60927.0, ,    -, ,-,5.581,LERC/AFSMC,DS,-,G,Sat EEO E,Wire,-,-,BEO,Scientific,Titan,Titan 4,US,United States,Canaveral,,5254.0,1997-10-15,267.0,28.63,EEO,Other,C,Government
1997-064,2450745.61,1997-10-24,Titan 403A,-,"4A-18 (K-18, 45F-3)",USA 133      [LAC3],LACROSSE 3,NROL-03,-,VS,SLC4E,-,-,675.0, ,    -, ,-,9.0,4SLS/AFSMC,OS,-,G,Sat LEO O,Wire,-,-,LEO,Scientific,Titan,Titan 4,US,United States,Vandenberg,,9000.0,1997-11-24,671.0,57.01,LEO/I,IMG-R*,D,Military
1997-068,2450760.59,1997-11-08,Titan 401A/Centaur,-,4A-17/TC-16 (45E-?),USA 136      [JS10],TRUMPET 3,NROL-04 OSCAR,-,CC,LC41,-,-,38740.0, ,    -, ,-,3.02,3SLS/AFSMC,OS,-,G,Sat MEO O,Wire,-,-,MEO,Scientific,Titan,Titan 4,US,United States,Canaveral,,3000.0,1998-03-18,1211.0,64.74,GTO,Observation,D,Military
1998-029,2450942.57,1998-05-09,Titan 401B/Centaur,-,4B-25/TC-18 (K-25),USA 139      [RH8],ORION 4,NROL-06 JACK,-,CC,LC40,-,-,35800.0, ,    -, ,-,5.0,3SLS/AFSMC,OS,-,G,Sat GEO O,Wire,-,-,GEO,Scientific,Titan,Titan 4,US,United States,Canaveral,,5000.0,1998-05-11,35780.0,0.1,GEO/S,Observation,D,Military
1998-030,2450947.16,1998-05-13,Titan II SLV,-,23G-12,NOAA 15,NOAA K,-,-,VS,SLC4W,-,-,823.0, ,    -, ,-,2.232,4SLS/AFSMC,OS,-,G,Sat SSO A,Wire,-,-,SSO,Scientific,Titan,Titan 2,US,United States,Vandenberg,,1412.0,1998-06-12,808.0,98.71,LEO/S,Observation,C,Government
1998-F02,2451037.98,1998-08-12,Titan 401A/Centaur,-,4A-20/TC-9 (K-17),-            [CY16],MERCURY 3,NROL-07 ELWOOD,-,CC,LC41,-,-,5.0, ,    -, ,-,4.5,3SLS/AFSMC,OF,S0G,G,Sat GEO O,ISIR980831-3,-,Lost guidance then exploded,GEO,Scientific,Titan,Titan 4,US,United States,Canaveral,,,,,,,,,Government
1999-017,2451278.21,1999-04-09,Titan 402B/IUS,-,4B-27 (K-32),USA 142      [DSP19],DSP 19?,-,-,CC,LC41,-,-,34730.0, ,    -, ,-,2.36,3SLS/AFSMC,OF40,S3S,G,Sat GEO OOO,Wire,-,Bad IUS SRM1/2 sep,GEO,Scientific,Titan,Titan 4,US,United States,Canaveral,,2360.0,2006-08-17,590.0,29.29,GTO,Observation,D,Military
1999-023,2451299.19,1999-04-30,Titan 401B/Centaur,-,4B-32/TC-14 (K-26),USA 143 (Milstar 3),Milstar DFS-3,-,-,CC,LC40,-,-,5152.0, ,    -, ,-,4.5,3SLS/AFSMC,OF40,S3G,G,Sat GEO O,Wire,-,Software error caused RCS deplet,GEO,Scientific,Titan,Titan 4,US,United States,Canaveral,,4500.0,1999-06-06,1094.0,28.2,MEO,Communications,D,Military
1999-028,2451320.9,1999-05-22,Titan 404B,?,4B-12,USA 144      [MIST2],MISTY 2?,NROL-09,-,VS,SLC4E,-,-,3137.0, ,    -, ,-,10.02,2SLS/AFSMC,OS,-,G,Sat LEO O,Wire,-,-,LEO,Scientific,Titan,Titan 4,US,United States,Vandenberg,,10000.0,2005-10-20,2682.0,63.44,MEO,IMG*,D,Military
1999-034,2451349.59,1999-06-20,Titan II SLV,-,23G-7,Quikscat,QuikScat,-,-,VS,SLC4W,-,-,807.0, ,    -, ,-,0.97,2SLS/AFSMC,OS,-,G,Sat SSO O,Wire,-,-,SSO,Scientific,Titan,Titan 2,US,United States,Vandenberg,,970.0,1999-07-20,804.0,98.62,LEO/S,EOSCI,C,Government
1999-067,2451525.23,1999-12-12,Titan II SLV,-,23G-8,USA 147 (DMSP F15),DMSP Block 5D-3 S-15,-,-,VS,SLC4W,-,-,851.0, ,    -, ,-,1.18,2SLS/AFSMC,OS,-,G,Sat SSO A,Wire,-,-,SSO,Scientific,Titan,Titan 2,US,United States,Vandenberg,,1082.0,1999-12-19,837.0,98.9,LEO/S,Observation,D,Military
2000-024,2451673.17,2000-05-08,Titan 402B/IUS,-,4B-29,USA 149      [DSP20],DSP 18?,-,-,CC,LC40,-,-,35970.0, ,    -, ,-,2.361,3SLS/AFSMC,OS,-,G,Sat GEO OOO,Wire,-,-,GEO,Scientific,Titan,Titan 4,US,United States,Canaveral,,2360.0,2000-05-09,35911.0,2.9,GEO/D,EW*,D,Military
2000-047,2451774.49,2000-08-17,Titan 403B,?,4B-28,USA 152      [LAC4],ONYX 4,NROL-11,-,VS,SLC4E,-,-,677.0, ,    -, ,-,9.0,2SLS/AFSMC,OS,-,G,Sat LEO O,Wire,-,-,LEO,Scientific,Titan,Titan 4,US,United States,Vandenberg,,9000.0,2000-08-19,574.0,68.0,LEO/I,IMG-R*,D,Military
2000-055,2451808.93,2000-09-21,Titan II SLV,-,23G-13,NOAA 16,NOAA L,-,-,VS,SLC4W,-,-,863.0, ,    -, ,-,2.231,2SLS/AFSMC,OS,-,G,Sat SSO A,Wire,-,-,SSO,Scientific,Titan,Titan 2,US,United States,Vandenberg,,1403.0,2000-09-23,848.0,98.79,LEO/S,Observation,C,Government
2001-009,2451968.39,2001-02-27,Titan 401B/Centaur,-,4B-41/TC-22 (K-30),USA 157 (Milstar 4),Milstar DFS-4,-,-,CC,SLC40,-,-,35768.0, ,    -, ,-,4.5,3SLS/AFSMC,OS,-,G,Sat GEO O,Wire,-,-,GEO,Scientific,Titan,Titan 4,US,United States,Canaveral,,4500.0,2001-02-28,35764.0,4.5,GEO/ID,COM*,D,Military
2001-033,2452127.81,2001-08-06,Titan 402B/IUS,-,4B-31,USA 159      [DSP21],DSP,-,-,CC,SLC40,-,-,35780.0, ,    -, ,-,2.361,3SLS/AFSMC,OS,-,G,Sat GEO OOO,Wire,-,-,GEO,Scientific,Titan,Titan 4,US,United States,Canaveral,,2360.0,2001-08-07,35780.0,2.9,GEO/S,EW*,D,Military
2001-044,2452188.39,2001-10-05,Titan 404B,?,4B-34,USA 161      [IC7],Improved CRYSTAL 2107?,NROL-14,-,VS,SLC4E,-,-,1041.0, ,    -, ,-,14.0,2SLS/AFSMC,OS,-,G,Sat SSO O,Wire,-,-,SSO,Scientific,Titan,Titan 4,US,United States,Vandenberg,,14000.0,2001-10-05,202.0,97.8,LEO/S,IMG*,D,Military
2002-001,2452290.52,2002-01-16,Titan 401B/Centaur,-,4B-38/TC-19,USA 164 (Milstar 5),Milstar DFS-5,-,-,CC,SLC40,-,-,35815.0, ,    -, ,-,4.5,3SLS/AFSMC,OS,-,G,Sat GEO O,Wire,-,-,GEO,Scientific,Titan,Titan 4,US,United States,Canaveral,,4500.0,2006-01-18,35758.0,1.7,GEO/S,COM*,D,Military
2002-032,2452450.27,2002-06-24,Titan II SLV,-,23G-14,NOAA 17,NOAA M,-,-,VS,SLC4W,-,-,822.0, ,    -, ,-,2.231,2SLS/AFSMC,OS,-,G,Sat SSO A,spaceflightnow.com,-,-,SSO,Scientific,Titan,Titan 2,US,United States,Vandenberg,,1403.0,2002-06-27,806.0,98.78,LEO/S,Observation,C,Government
2003-001,2452646.1,2003-01-06,Titan II SLV,-,23G-4,Coriolis,P98-2 Coriolis,-,-,VS,SLC4W,-,-,846.0, ,    -, ,-,0.827,2SLS/AFSMC,OS,-,G,Sat SSO O,orbireport.com,-,-,SSO,Scientific,Titan,Titan 2,US,United States,Vandenberg,,827.0,2003-01-10,391.0,98.72,LEO/S,EOSCI/AST,C,Government
2003-012,2452738.07,2003-04-08,Titan 401B/Centaur,-,4B-35/TC-23,USA 169 (Milstar 6),Milstar DFS-6,-,-,CC,SLC40,-,-,35736.0, ,    -, ,-,4.5,3SLS/AFSMC,OS,-,G,Sat GEO O,Wire,-,-,GEO,Scientific,Titan,Titan 4,US,United States,Canaveral,,4500.0,2003-04-08,35728.0,4.45,GEO/ID,COM*,D,Military
2003-041,2452891.69,2003-09-09,Titan 401B/Centaur,-,4B-36/TC-20,USA 171      [RH9],ORION 5,NROL-19 HOMER,-,CC,SLC40,-,-,35800.0, ,    -, ,-,5.0,3SLS/AFSMC,OS,-,G,Sat GEO O,Wire,-,-,GEO,Scientific,Titan,Titan 4,US,United States,Canaveral,,5000.0,2003-09-10,35780.0,2.0,GEO/S,SIG*,D,Military
2003-048,2452931.18,2003-10-18,Titan II SLV,-,23G-9,USA 172 (DMSP F16),DMSP Block 5D-3 S-20,-,-,VS,SLC4W,-,-,852.0, ,    -, ,-,1.968,2SLS/AFSMC,OS,-,G,Sat SSO A,Wire,-,-,SSO,Scientific,Titan,Titan 2,US,United States,Vandenberg,,1145.0,2003-10-18,843.0,98.93,LEO/S,Observation,D,Military
2004-004,2453050.28,2004-02-14,Titan 402B/IUS,-,4B-39,USA 176      [DSP22],DSP F22,-,-,CC,SLC40,-,-,36105.0, ,    -, ,-,2.361,3SLS/AFSMC,OS,-,G,Sat GEO OOO,Wire,-,-,GEO,Scientific,Titan,Titan 4,US,United States,Canaveral,,2360.0,2004-02-15,35852.0,0.68,GEO/D,Observation,D,Military
2005-016,2453490.53,2005-04-30,Titan 405B,?,4B-30,USA 182      [LAC5],ONYX 5,NROL-16 PROMETHEUS,-,CC,SLC40,-,-,718.0, ,    -, ,-,9.0,3SLS/AFSMC,OS,-,G,Sat LEO O,Wire,-,-,LEO,Scientific,Titan,Titan 4,US,United States,Canaveral,,9000.0,2005-05-04,712.0,57.01,LEO/I,IMG-R*,D,Military
2005-042,2453663.25,2005-10-19,Titan 404B,?,4B-26,USA 186      [IC8],Improved CRYSTAL 2108?,NROL-20,-,VS,SLC4E,-,-,1050.0, ,    -, ,-,14.0,2SLS/AFSMC,OS,-,G,Sat SSO O,Wire,-,-,SSO,Scientific,Titan,Titan 4,US,United States,Vandenberg,,14000.0,2005-10-28,264.0,97.88,LEO/S,IMG*,D,Military
